Theoretical Angle (deg),IMU Angle (deg),ADC Value,Rotary Encoder
60.0,-15.13,8388607.0,478.0
60.0,-15.13,8388606.0,479.0
60.0,-15.13,8388606.0,478.0
60.0,-15.13,8388607.0,479.0
60.0,-15.13,8388606.0,478.0
60.0,-15.13,8388607.0,478.0
60.0,-15.13,8388606.0,479.0
60.0,-15.13,8388606.0,478.0
60.0,-15.13,8388607.0,479.0
60.0,-15.13,8388606.0,478.0
60.0,-15.13,8388607.0,478.0
60.0,-15.13,8388606.0,479.0
100.0,100.0,100.0,100.0
70.0,29.44,-8385385.0,553.0
70.0,4.19,-6841952.0,521.0
70.0,-1.56,7341693.0,521.0
70.0,-1.56,7587080.0,521.0
70.0,-1.56,7597977.0,521.0
70.0,-1.56,7603130.0,521.0
70.0,-1.56,7609351.0,521.0
70.0,-1.56,7611982.0,521.0
70.0,-1.56,7617669.0,521.0
70.0,-1.56,7618040.0,521.0
70.0,-1.56,7619211.0,521.0
70.0,-1.56,7619662.0,521.0
70.0,-1.56,7622625.0,521.0
70.0,-1.56,7624174.0,521.0
70.0,-1.56,7622933.0,521.0
70.0,-1.56,7623050.0,521.0
70.0,-1.56,7623221.0,521.0
70.0,-1.56,7624636.0,521.0
70.0,-1.56,7624741.0,521.0
70.0,-1.56,7624592.0,521.0
70.0,-1.56,7625083.0,521.0
70.0,-1.56,7625802.0,521.0
70.0,-1.56,7625415.0,521.0
70.0,-1.56,7626634.0,521.0
70.0,-1.56,7627591.0,521.0
70.0,-1.56,7628280.0,521.0
70.0,-1.56,7627781.0,521.0
70.0,-1.56,7627896.0,521.0
60.0,-1.69,7631221.0,484.0
60.0,-14.19,7591730.0,478.0
60.0,-15.13,7510715.0,478.0
60.0,-15.13,7467936.0,478.0
60.0,-15.13,7467721.0,478.0
60.0,-15.13,7468176.0,478.0
60.0,-15.13,7469093.0,478.0
60.0,-15.13,7468772.0,478.0
60.0,-15.13,7470927.0,478.0
60.0,-15.13,7474618.0,478.0
60.0,-15.13,7474603.0,478.0
60.0,-15.13,7472754.0,479.0
60.0,-15.13,7472129.0,478.0
60.0,-15.13,7471070.0,478.0
60.0,-15.13,7470363.0,478.0
60.0,-15.13,7471024.0,478.0
60.0,-15.13,7471353.0,478.0
60.0,-15.13,7471338.0,478.0
60.0,-15.13,7473951.0,478.0
60.0,-15.13,7474792.0,478.0
60.0,-15.13,7476205.0,478.0
60.0,-15.13,7476168.0,478.0
60.0,-15.13,7476113.0,478.0
60.0,-15.13,7476700.0,478.0
60.0,-15.13,7474951.0,478.0
60.0,-15.13,7475468.0,478.0
60.0,-15.13,7475301.0,478.0
60.0,-15.13,7476362.0,478.0
60.0,-15.13,7475445.0,478.0
60.0,-15.13,7478160.0,479.0
60.0,-15.13,7477803.0,478.0
60.0,-15.13,7480478.0,478.0
60.0,-15.13,7480687.0,478.0
60.0,-15.13,7480454.0,478.0
60.0,-15.13,7481483.0,478.0
60.0,-15.13,7482168.0,479.0
60.0,-15.13,7481373.0,478.0
60.0,-15.13,7482736.0,479.0
60.0,-15.13,7484047.0,478.0
60.0,-15.13,7479816.0,478.0
60.0,-15.13,7480631.0,479.0
60.0,-15.13,7479930.0,478.0
60.0,-15.13,7479947.0,478.0
60.0,-15.13,7480868.0,478.0
60.0,-15.13,7481127.0,478.0
60.0,-15.13,7481870.0,478.0
60.0,-15.13,7482031.0,478.0
60.0,-15.13,7483684.0,478.0
60.0,-15.13,7482675.0,479.0
60.0,-15.13,7482102.0,478.0
50.0,-15.19,7477479.0,442.0
50.0,-27.75,7453552.0,434.0
50.0,-29.19,7361451.0,434.0
50.0,-29.19,7286148.0,434.0
50.0,-29.12,7289531.0,433.0
50.0,-29.06,7293542.0,434.0
50.0,-29.06,7295167.0,434.0
50.0,-29.0,7301404.0,434.0
50.0,-29.0,7300229.0,434.0
50.0,-29.0,7298980.0,434.0
50.0,-29.0,7303357.0,434.0
50.0,-29.0,7304726.0,434.0
50.0,-29.0,7305439.0,434.0
50.0,-29.0,7306282.0,433.0
50.0,-29.0,7309309.0,434.0
50.0,-29.0,7309900.0,434.0
50.0,-29.0,7312141.0,433.0
50.0,-29.0,7312128.0,434.0
50.0,-29.0,7312561.0,434.0
50.0,-29.0,7313280.0,434.0
50.0,-29.0,7313647.0,434.0
50.0,-29.0,7313180.0,434.0
50.0,-29.0,7314021.0,434.0
50.0,-29.0,7314070.0,434.0
50.0,-29.0,7315223.0,434.0
50.0,-29.0,7313834.0,434.0
50.0,-29.0,7314099.0,434.0
50.0,-29.0,7315310.0,434.0
50.0,-29.0,7315689.0,434.0
50.0,-29.0,7314194.0,434.0
50.0,-29.0,7314437.0,434.0
50.0,-29.0,7315562.0,434.0
50.0,-29.0,7317101.0,434.0
50.0,-29.0,7319060.0,434.0
50.0,-29.0,7319129.0,434.0
50.0,-29.0,7319190.0,433.0
50.0,-29.0,7315359.0,434.0
50.0,-29.0,7314440.0,433.0
50.0,-29.0,7318499.0,433.0
50.0,-29.0,7321508.0,434.0
50.0,-29.0,7319585.0,433.0
50.0,-29.0,7319126.0,434.0
50.0,-29.0,7319967.0,433.0
50.0,-29.0,7319826.0,434.0
50.0,-29.0,7321657.0,434.0
50.0,-29.0,7322914.0,434.0
50.0,-29.0,7322759.0,434.0
50.0,-29.0,7322088.0,434.0
50.0,-29.0,7322111.0,434.0
50.0,-29.0,7323060.0,433.0
40.0,-29.69,7326185.0,392.0
40.0,-43.25,7298828.0,387.0
40.0,-43.5,7064935.0,387.0
40.0,-43.5,7049350.0,387.0
40.0,-43.5,7050509.0,387.0
40.0,-43.5,7051874.0,387.0
40.0,-43.5,7053273.0,387.0
40.0,-43.5,7052864.0,387.0
40.0,-43.5,7052627.0,387.0
40.0,-43.5,7053938.0,387.0
40.0,-43.5,7052659.0,386.0
40.0,-43.5,7052612.0,386.0
40.0,-43.5,7055191.0,387.0
40.0,-43.5,7055124.0,387.0
40.0,-43.5,7055383.0,386.0
40.0,-43.5,7057088.0,387.0
40.0,-43.5,7057197.0,387.0
40.0,-43.5,7057880.0,387.0
40.0,-43.5,7058837.0,386.0
40.0,-43.5,7061542.0,387.0
40.0,-43.5,7062167.0,387.0
40.0,-43.5,7062796.0,386.0
40.0,-43.5,7062073.0,386.0
40.0,-43.5,7062382.0,387.0
40.0,-43.5,7063857.0,386.0
40.0,-43.5,7064040.0,387.0
40.0,-43.5,7063671.0,387.0
40.0,-43.5,7062894.0,387.0
40.0,-43.5,7063941.0,387.0
40.0,-43.5,7065216.0,387.0
40.0,-43.5,7066981.0,386.0
40.0,-43.5,7068418.0,387.0
40.0,-43.5,7069015.0,387.0
40.0,-43.5,7069562.0,386.0
40.0,-43.5,7070875.0,387.0
40.0,-43.5,7071842.0,386.0
40.0,-43.5,7072647.0,386.0
40.0,-43.5,7071752.0,387.0
40.0,-43.5,7071311.0,386.0
40.0,-43.5,7070972.0,386.0
40.0,-43.5,7071829.0,387.0
40.0,-43.5,7070874.0,387.0
40.0,-43.5,7071485.0,387.0
40.0,-43.5,7072532.0,386.0
40.0,-43.5,7075499.0,387.0
40.0,-43.5,7076642.0,387.0
40.0,-43.5,7078019.0,386.0
40.0,-43.5,7076634.0,386.0
40.0,-43.5,7077305.0,387.0
40.0,-43.5,7076188.0,386.0
30.0,-43.56,7080989.0,346.0
30.0,-57.63,7071468.0,338.0
30.0,-58.5,6822059.0,337.0
30.0,-58.38,6781476.0,338.0
30.0,-58.31,6785303.0,338.0
30.0,-58.19,6785978.0,337.0
30.0,-58.13,6789003.0,337.0
30.0,-58.06,6790580.0,338.0
30.0,-58.0,6790639.0,337.0
30.0,-57.94,6791458.0,337.0
30.0,-57.94,6791029.0,337.0
30.0,-57.94,6793250.0,337.0
30.0,-57.94,6793133.0,337.0
30.0,-57.94,6794486.0,337.0
30.0,-57.94,6796361.0,338.0
30.0,-57.94,6796390.0,338.0
30.0,-57.94,6796131.0,337.0
30.0,-57.94,6795282.0,337.0
30.0,-57.94,6797631.0,338.0
30.0,-57.94,6797484.0,337.0
30.0,-57.94,6798051.0,338.0
30.0,-57.94,6798786.0,337.0
30.0,-57.94,6798317.0,337.0
30.0,-57.94,6800402.0,337.0
30.0,-57.94,6803587.0,337.0
30.0,-57.94,6803916.0,337.0
30.0,-57.94,6799925.0,338.0
30.0,-57.94,6798744.0,338.0
30.0,-57.94,6800183.0,338.0
30.0,-57.94,6800722.0,337.0
30.0,-57.94,6802423.0,338.0
30.0,-57.94,6802946.0,337.0
30.0,-57.94,6804499.0,337.0
30.0,-57.94,6804564.0,337.0
30.0,-57.94,6804213.0,337.0
30.0,-57.94,6803884.0,337.0
30.0,-57.94,6804745.0,337.0
30.0,-57.94,6804526.0,337.0
30.0,-57.94,6805263.0,338.0
30.0,-57.94,6807744.0,337.0
30.0,-57.94,6808551.0,337.0
30.0,-57.94,6809112.0,337.0
30.0,-57.94,6809855.0,338.0
30.0,-57.94,6808196.0,337.0
30.0,-57.94,6808511.0,337.0
30.0,-57.94,6810348.0,337.0
30.0,-57.94,6810339.0,337.0
30.0,-57.94,6810340.0,338.0
30.0,-57.94,6810863.0,337.0
30.0,-57.94,6811504.0,337.0
20.0,-58.06,6812775.0,298.0
20.0,-71.25,6804260.0,292.0
20.0,-71.69,6567883.0,291.0
20.0,-71.69,6500178.0,292.0
20.0,-71.69,6498447.0,291.0
20.0,-71.69,6498800.0,292.0
20.0,-71.69,6499551.0,292.0
20.0,-71.69,6497060.0,291.0
20.0,-71.69,6496649.0,292.0
20.0,-71.69,6498856.0,292.0
20.0,-71.69,6499873.0,292.0
20.0,-71.69,6502674.0,292.0
20.0,-71.69,6502313.0,292.0
20.0,-71.69,6501502.0,292.0
20.0,-71.69,6500661.0,292.0
20.0,-71.69,6500368.0,292.0
20.0,-71.69,6501139.0,291.0
20.0,-71.69,6500550.0,292.0
20.0,-71.69,6502517.0,292.0
20.0,-71.69,6503396.0,291.0
20.0,-71.69,6502831.0,292.0
20.0,-71.69,6502336.0,292.0
20.0,-71.69,6501535.0,292.0
20.0,-71.69,6501336.0,291.0
20.0,-71.69,6498527.0,291.0
20.0,-71.69,6497206.0,291.0
20.0,-71.69,6498455.0,292.0
20.0,-71.69,6499520.0,292.0
20.0,-71.69,6500889.0,292.0
20.0,-71.69,6501428.0,291.0
20.0,-71.69,6500241.0,291.0
20.0,-71.69,6500274.0,292.0
20.0,-71.69,6499575.0,292.0
20.0,-71.69,6501748.0,291.0
20.0,-71.69,6502263.0,291.0
20.0,-71.69,6501390.0,292.0
20.0,-71.69,6500691.0,291.0
20.0,-71.69,6501748.0,291.0
20.0,-71.69,6502995.0,291.0
20.0,-71.62,6502542.0,291.0
20.0,-71.56,6502551.0,292.0
20.0,-71.56,6503462.0,291.0
20.0,-71.5,6503893.0,292.0
20.0,-71.5,6505512.0,291.0
20.0,-71.44,6505005.0,292.0
20.0,-71.44,6502548.0,292.0
20.0,-71.44,6504157.0,292.0
20.0,-71.44,6503368.0,291.0
20.0,-71.44,6504559.0,292.0
20.0,-71.44,6505980.0,291.0
10.0,-71.44,6506113.0,256.0
10.0,-83.25,6441722.0,247.0
10.0,-84.25,6248067.0,247.0
10.0,-84.31,6053338.0,247.0
10.0,-84.25,6033023.0,247.0
10.0,-84.19,6023002.0,247.0
10.0,-84.12,6017279.0,248.0
10.0,-84.12,6014916.0,247.0
10.0,-84.12,6012151.0,247.0
10.0,-84.06,6008132.0,247.0
10.0,-84.06,6009159.0,247.0
10.0,-84.0,6009412.0,248.0
10.0,-84.0,6009513.0,247.0
10.0,-84.0,6011096.0,247.0
10.0,-84.0,6011883.0,247.0
10.0,-84.0,6011398.0,247.0
10.0,-84.0,6012811.0,247.0
10.0,-84.0,6013468.0,247.0
10.0,-84.0,6012653.0,247.0
10.0,-84.0,6014080.0,247.0
10.0,-84.0,6013785.0,246.0
10.0,-84.0,6013762.0,247.0
10.0,-84.0,6013071.0,248.0
10.0,-84.0,6012968.0,247.0
10.0,-84.0,6013479.0,247.0
10.0,-84.0,6014260.0,247.0
10.0,-84.0,6014851.0,247.0
10.0,-84.0,6015338.0,247.0
10.0,-84.0,6016055.0,247.0
10.0,-84.0,6013902.0,247.0
10.0,-84.0,6013751.0,247.0
10.0,-84.0,6013390.0,247.0
10.0,-84.0,6011915.0,247.0
10.0,-84.0,6011490.0,247.0
10.0,-84.0,6012231.0,247.0
10.0,-84.0,6013288.0,246.0
10.0,-84.0,6012653.0,247.0
10.0,-84.0,6011710.0,247.0
10.0,-84.0,6011415.0,247.0
10.0,-84.0,6012856.0,247.0
10.0,-84.0,6012877.0,247.0
10.0,-84.0,6012924.0,248.0
10.0,-84.0,6013695.0,248.0
10.0,-84.0,6014036.0,247.0
10.0,-84.0,6012357.0,247.0
10.0,-84.0,6012358.0,247.0
10.0,-84.0,6012835.0,248.0
10.0,-84.0,6014290.0,247.0
10.0,-84.0,6013971.0,248.0
10.0,-84.0,6014872.0,247.0
20.0,-83.94,6016225.0,282.0
20.0,-72.5,6074820.0,289.0
20.0,-71.75,6281923.0,289.0
20.0,-71.81,6460714.0,289.0
20.0,-71.81,6465319.0,289.0
20.0,-71.81,6466916.0,289.0
20.0,-71.81,6468927.0,289.0
20.0,-71.81,6470176.0,289.0
20.0,-71.81,6470457.0,289.0
20.0,-71.75,6470174.0,289.0
20.0,-71.75,6470053.0,289.0
20.0,-71.75,6470010.0,289.0
20.0,-71.75,6473375.0,290.0
20.0,-71.75,6473924.0,289.0
20.0,-71.75,6472999.0,289.0
20.0,-71.75,6472938.0,289.0
20.0,-71.75,6472795.0,289.0
20.0,-71.75,6472986.0,289.0
20.0,-71.75,6473669.0,289.0
20.0,-71.75,6474266.0,289.0
20.0,-71.75,6473903.0,289.0
20.0,-71.75,6472410.0,289.0
20.0,-71.75,6472665.0,289.0
20.0,-71.75,6471952.0,289.0
20.0,-71.75,6472551.0,289.0
20.0,-71.75,6472294.0,289.0
20.0,-71.75,6473367.0,289.0
20.0,-71.75,6472466.0,289.0
20.0,-71.75,6472957.0,289.0
20.0,-71.75,6473460.0,289.0
20.0,-71.75,6473651.0,289.0
20.0,-71.75,6474492.0,289.0
20.0,-71.75,6475975.0,289.0
20.0,-71.75,6476072.0,289.0
20.0,-71.75,6475495.0,289.0
20.0,-71.75,6475840.0,289.0
20.0,-71.75,6476581.0,289.0
20.0,-71.75,6477368.0,289.0
20.0,-71.75,6475065.0,289.0
20.0,-71.75,6474806.0,289.0
20.0,-71.75,6474995.0,289.0
20.0,-71.75,6474610.0,289.0
20.0,-71.75,6474435.0,289.0
20.0,-71.75,6473766.0,289.0
20.0,-71.75,6473717.0,289.0
20.0,-71.75,6473544.0,289.0
20.0,-71.75,6473183.0,289.0
20.0,-71.75,6473022.0,289.0
20.0,-71.75,6473973.0,289.0
20.0,-71.75,6474982.0,289.0
30.0,-71.75,6478121.0,323.0
30.0,-60.06,6498100.0,335.0
30.0,-58.0,6766961.0,335.0
30.0,-58.0,6817094.0,335.0
30.0,-58.0,6825849.0,334.0
30.0,-58.0,6825718.0,334.0
30.0,-58.0,6826961.0,335.0
30.0,-58.0,6827086.0,335.0
30.0,-58.0,6829121.0,335.0
30.0,-58.0,6829256.0,335.0
30.0,-58.0,6829553.0,335.0
30.0,-57.88,6829538.0,335.0
30.0,-57.88,6833977.0,335.0
30.0,-57.88,6834388.0,335.0
30.0,-57.88,6835437.0,335.0
30.0,-57.88,6835852.0,335.0
30.0,-57.88,6835453.0,335.0
30.0,-57.88,6832818.0,335.0
30.0,-57.88,6833085.0,335.0
30.0,-57.88,6834160.0,335.0
30.0,-57.88,6835647.0,335.0
30.0,-57.88,6834276.0,335.0
30.0,-57.88,6835213.0,335.0
30.0,-57.88,6836692.0,335.0
30.0,-57.88,6839047.0,335.0
30.0,-57.88,6839454.0,335.0
30.0,-57.88,6840251.0,335.0
30.0,-57.88,6838934.0,335.0
30.0,-57.88,6839797.0,335.0
30.0,-57.88,6838890.0,335.0
30.0,-57.88,6839313.0,335.0
30.0,-57.88,6838010.0,335.0
30.0,-57.88,6837829.0,335.0
30.0,-57.88,6837142.0,335.0
30.0,-57.88,6836051.0,335.0
30.0,-57.88,6835426.0,335.0
30.0,-57.88,6834109.0,335.0
30.0,-57.88,6835848.0,335.0
30.0,-57.88,6835569.0,336.0
30.0,-57.88,6835646.0,336.0
30.0,-57.88,6836821.0,335.0
30.0,-57.88,6837378.0,335.0
30.0,-57.88,6837433.0,335.0
30.0,-57.88,6834470.0,335.0
30.0,-57.88,6833695.0,336.0
30.0,-57.88,6834886.0,335.0
30.0,-57.88,6835121.0,335.0
30.0,-57.88,6834954.0,335.0
30.0,-57.88,6835541.0,335.0
30.0,-57.88,6834332.0,335.0
40.0,-57.5,6834891.0,371.0
40.0,-45.56,6847624.0,381.0
40.0,-43.56,7020537.0,382.0
40.0,-43.56,7061732.0,382.0
40.0,-43.56,7064007.0,382.0
40.0,-43.56,7062352.0,382.0
40.0,-43.56,7067207.0,382.0
40.0,-43.56,7068464.0,383.0
40.0,-43.56,7070231.0,382.0
40.0,-43.56,7068668.0,382.0
40.0,-43.56,7066451.0,382.0
40.0,-43.56,7066754.0,382.0
40.0,-43.56,7065567.0,382.0
40.0,-43.56,7062102.0,382.0
40.0,-43.56,7060921.0,382.0
40.0,-43.56,7063824.0,382.0
40.0,-43.56,7064325.0,382.0
40.0,-43.56,7064018.0,382.0
40.0,-43.56,7062983.0,382.0
40.0,-43.56,7064648.0,382.0
40.0,-43.56,7066319.0,383.0
40.0,-43.56,7067060.0,382.0
40.0,-43.56,7067017.0,382.0
40.0,-43.56,7068674.0,382.0
40.0,-43.56,7069481.0,382.0
40.0,-43.56,7070418.0,382.0
40.0,-43.56,7070247.0,382.0
40.0,-43.56,7070472.0,382.0
40.0,-43.56,7071417.0,382.0
40.0,-43.56,7071182.0,382.0
40.0,-43.56,7072921.0,382.0
40.0,-43.56,7073826.0,382.0
40.0,-43.56,7075059.0,382.0
40.0,-43.56,7075450.0,382.0
40.0,-43.56,7075409.0,382.0
40.0,-43.56,7074324.0,382.0
40.0,-43.56,7074209.0,382.0
40.0,-43.56,7075656.0,382.0
40.0,-43.56,7075087.0,382.0
40.0,-43.56,7075384.0,382.0
40.0,-43.56,7073717.0,382.0
40.0,-43.56,7073148.0,382.0
40.0,-43.56,7074075.0,382.0
40.0,-43.56,7075006.0,382.0
40.0,-43.56,7075417.0,382.0
40.0,-43.56,7075548.0,382.0
40.0,-43.56,7074725.0,382.0
40.0,-43.56,7076816.0,382.0
40.0,-43.56,7076267.0,382.0
40.0,-43.56,7077278.0,382.0
50.0,-43.56,7080349.0,417.0
50.0,-31.37,7137018.0,428.0
50.0,-29.19,7241613.0,429.0
50.0,-29.12,7311180.0,428.0
50.0,-29.19,7312543.0,429.0
50.0,-29.25,7309824.0,429.0
50.0,-29.31,7309533.0,428.0
50.0,-29.31,7311740.0,428.0
50.0,-29.37,7311173.0,429.0
50.0,-29.37,7311622.0,428.0
50.0,-29.44,7312729.0,429.0
50.0,-29.44,7309938.0,429.0
50.0,-29.44,7310715.0,429.0
50.0,-29.44,7310672.0,429.0
50.0,-29.44,7311145.0,429.0
50.0,-29.44,7311970.0,428.0
50.0,-29.44,7308843.0,428.0
50.0,-29.44,7308636.0,429.0
50.0,-29.44,7308795.0,429.0
50.0,-29.44,7307744.0,429.0
50.0,-29.44,7307481.0,428.0
50.0,-29.44,7306566.0,428.0
50.0,-29.44,7305955.0,429.0
50.0,-29.44,7304362.0,428.0
50.0,-29.44,7306563.0,429.0
50.0,-29.44,7306424.0,428.0
50.0,-29.44,7305705.0,428.0
50.0,-29.44,7304362.0,428.0
50.0,-29.44,7304061.0,428.0
50.0,-29.44,7305272.0,428.0
50.0,-29.44,7306305.0,428.0
50.0,-29.44,7308574.0,428.0
50.0,-29.44,7309401.0,429.0
50.0,-29.44,7307510.0,429.0
50.0,-29.44,7307277.0,429.0
50.0,-29.44,7307746.0,428.0
50.0,-29.44,7309087.0,429.0
50.0,-29.44,7309412.0,429.0
50.0,-29.44,7307997.0,429.0
50.0,-29.44,7306964.0,428.0
50.0,-29.44,7306647.0,429.0
50.0,-29.44,7304024.0,427.0
50.0,-29.44,7304559.0,429.0
50.0,-29.44,7307400.0,429.0
50.0,-29.44,7308403.0,429.0
50.0,-29.44,7308708.0,428.0
50.0,-29.44,7306691.0,429.0
50.0,-29.44,7307952.0,428.0
50.0,-29.44,7308277.0,429.0
50.0,-29.44,7307972.0,429.0
60.0,-28.94,7306999.0,464.0
60.0,-17.25,7348340.0,473.0
60.0,-15.19,7439767.0,473.0
60.0,-15.25,7513586.0,474.0
60.0,-15.31,7517165.0,473.0
60.0,-15.44,7518076.0,474.0
60.0,-15.5,7519495.0,474.0
60.0,-15.44,7520094.0,474.0
60.0,-15.44,7520187.0,474.0
60.0,-15.5,7518650.0,474.0
60.0,-15.5,7516987.0,474.0
60.0,-15.56,7516636.0,474.0
60.0,-15.56,7515803.0,474.0
60.0,-15.63,7515880.0,474.0
60.0,-15.63,7516325.0,474.0
60.0,-15.63,7516210.0,474.0
60.0,-15.63,7517665.0,473.0
60.0,-15.63,7519208.0,474.0
60.0,-15.63,7521783.0,474.0
60.0,-15.63,7524488.0,474.0
60.0,-15.63,7525923.0,474.0
60.0,-15.63,7527074.0,474.0
60.0,-15.63,7526517.0,474.0
60.0,-15.63,7526098.0,474.0
60.0,-15.63,7525589.0,474.0
60.0,-15.63,7528032.0,474.0
60.0,-15.63,7528501.0,474.0
60.0,-15.63,7527090.0,474.0
60.0,-15.63,7527615.0,474.0
60.0,-15.63,7526034.0,474.0
60.0,-15.63,7527295.0,474.0
60.0,-15.63,7524012.0,474.0
60.0,-15.63,7522101.0,474.0
60.0,-15.63,7523938.0,474.0
60.0,-15.63,7525519.0,474.0
60.0,-15.63,7524936.0,474.0
60.0,-15.63,7525027.0,474.0
60.0,-15.63,7524600.0,474.0
60.0,-15.63,7524881.0,474.0
60.0,-15.63,7524588.0,474.0
60.0,-15.63,7521829.0,474.0
60.0,-15.63,7521130.0,474.0
60.0,-15.63,7520841.0,474.0
60.0,-15.63,7520110.0,474.0
60.0,-15.63,7519925.0,474.0
60.0,-15.63,7522128.0,474.0
60.0,-15.63,7520425.0,474.0
60.0,-15.63,7520114.0,474.0
60.0,-15.63,7519963.0,473.0
60.0,-15.63,7519644.0,474.0
70.0,-15.63,7526443.0,505.0
70.0,-4.63,7543550.0,516.0
70.0,-2.81,7610093.0,516.0
70.0,-2.75,7681830.0,516.0
70.0,-2.75,7685989.0,516.0
70.0,-2.75,7685782.0,516.0
70.0,-2.75,7687659.0,516.0
70.0,-2.75,7686004.0,516.0
70.0,-2.75,7687419.0,516.0
70.0,-2.75,7688932.0,516.0
70.0,-2.75,7688039.0,516.0
70.0,-2.75,7688532.0,516.0
70.0,-2.75,7688133.0,516.0
70.0,-2.75,7686828.0,516.0
70.0,-2.75,7688987.0,516.0
70.0,-2.75,7689704.0,516.0
70.0,-2.75,7688497.0,516.0
70.0,-2.75,7688674.0,516.0
70.0,-2.75,7688881.0,516.0
70.0,-2.75,7689874.0,516.0
70.0,-2.75,7688741.0,516.0
70.0,-2.75,7687470.0,516.0
70.0,-2.75,7686573.0,516.0
70.0,-2.75,7686308.0,516.0
70.0,-2.75,7687233.0,516.0
70.0,-2.75,7687184.0,516.0
70.0,-2.75,7687821.0,516.0
70.0,-2.75,7689234.0,516.0
70.0,-2.75,7689275.0,516.0
70.0,-2.75,7691680.0,516.0
70.0,-2.75,7690683.0,516.0
70.0,-2.75,7688982.0,516.0
70.0,-2.75,7688831.0,517.0
70.0,-2.75,7688288.0,516.0
70.0,-2.75,7687625.0,516.0
70.0,-2.75,7687268.0,516.0
70.0,-2.75,7687487.0,517.0
70.0,-2.75,7686582.0,516.0
70.0,-2.75,7686345.0,516.0
70.0,-2.75,7685776.0,516.0
70.0,-2.75,7689319.0,516.0
70.0,-2.75,7689084.0,515.0
70.0,-2.75,7687343.0,516.0
70.0,-2.75,7686744.0,516.0
70.0,-2.75,7684033.0,516.0
70.0,-2.75,7682810.0,516.0
70.0,-2.75,7682829.0,516.0
70.0,-2.75,7683170.0,516.0
70.0,-2.75,7682003.0,516.0
70.0,-2.75,7682914.0,517.0
70.0,-2.75,7682705.0,517.0
70.0,-2.75,7681900.0,516.0
70.0,-2.75,7682551.0,517.0
70.0,-2.75,7683088.0,517.0
70.0,-2.75,7684417.0,516.0
70.0,-2.75,7683232.0,516.0
70.0,-2.75,7683369.0,516.0
70.0,-2.75,7683730.0,516.0
70.0,-2.75,7682609.0,516.0
70.0,-2.75,7683014.0,516.0
70.0,-2.75,7682023.0,516.0
70.0,-2.75,7682166.0,516.0
70.0,-2.75,7682373.0,516.0
70.0,-2.75,7682012.0,516.0
70.0,-2.75,7681773.0,516.0
70.0,-2.75,7681418.0,516.0
70.0,-2.75,7682039.0,516.0
70.0,-2.75,7681158.0,516.0
70.0,-2.75,7680225.0,516.0
70.0,-2.75,7681592.0,516.0
70.0,-2.75,7681353.0,516.0
70.0,-2.75,7677664.0,516.0
70.0,-2.75,7678057.0,516.0
70.0,-2.75,7677802.0,516.0
70.0,-2.75,7678931.0,516.0
70.0,-2.75,7678454.0,517.0
70.0,-2.75,7680567.0,516.0
70.0,-2.75,7681324.0,515.0
70.0,-2.75,7680877.0,516.0
70.0,-2.75,7680188.0,517.0
70.0,-2.75,7682411.0,516.0
70.0,-2.75,7680706.0,516.0
70.0,-2.75,7677833.0,516.0
70.0,-2.75,7677422.0,516.0
70.0,-2.75,7675433.0,516.0
70.0,-2.75,7674676.0,516.0
70.0,-2.75,7676109.0,517.0
70.0,-2.75,7675438.0,516.0
70.0,-2.75,7675193.0,516.0
70.0,-2.75,7675638.0,516.0
70.0,-2.75,7677225.0,516.0
70.0,-2.75,7675316.0,516.0
70.0,-2.75,7674671.0,516.0
70.0,-2.75,7673436.0,516.0
70.0,-2.75,7671793.0,516.0
70.0,-2.75,7671506.0,516.0
70.0,-2.75,7672005.0,516.0
70.0,-2.75,7672306.0,516.0
70.0,-2.75,7671789.0,516.0
70.0,-2.75,7672644.0,516.0
60.0,-2.75,7671427.0,486.0
60.0,-14.06,7670140.0,478.0
60.0,-15.13,7561333.0,478.0
60.0,-15.13,7530210.0,478.0
60.0,-15.13,7525835.0,478.0
60.0,-15.13,7524404.0,478.0
60.0,-15.13,7525981.0,478.0
60.0,-15.13,7525970.0,478.0
60.0,-15.13,7524269.0,478.0
60.0,-15.13,7522842.0,478.0
60.0,-15.13,7522201.0,478.0
60.0,-15.13,7524586.0,478.0
60.0,-15.13,7524179.0,479.0
60.0,-15.13,7521580.0,478.0
60.0,-15.13,7520597.0,478.0
60.0,-15.13,7521162.0,478.0
60.0,-15.13,7522361.0,478.0
60.0,-15.13,7522116.0,478.0
60.0,-15.13,7521359.0,478.0
60.0,-15.13,7520264.0,479.0
60.0,-15.13,7522235.0,478.0
60.0,-15.13,7521768.0,478.0
60.0,-15.13,7521461.0,479.0
60.0,-15.13,7522212.0,478.0
60.0,-15.13,7523469.0,478.0
60.0,-15.13,7523414.0,478.0
60.0,-15.13,7522499.0,478.0
60.0,-15.13,7521996.0,478.0
60.0,-15.13,7523511.0,478.0
60.0,-15.13,7524554.0,479.0
60.0,-15.13,7524891.0,478.0
60.0,-15.13,7525080.0,478.0
60.0,-15.13,7525155.0,478.0
60.0,-15.13,7525830.0,478.0
60.0,-15.13,7526217.0,479.0
60.0,-15.13,7526176.0,478.0
60.0,-15.13,7525515.0,478.0
60.0,-15.13,7526572.0,479.0
60.0,-15.13,7527601.0,478.0
60.0,-15.13,7527698.0,478.0
60.0,-15.13,7526549.0,479.0
60.0,-15.13,7524828.0,478.0
60.0,-15.13,7524485.0,479.0
60.0,-15.13,7523856.0,478.0
60.0,-15.13,7524389.0,478.0
60.0,-15.13,7524294.0,478.0
60.0,-15.13,7525295.0,479.0
60.0,-15.13,7526666.0,478.0
60.0,-15.13,7527345.0,478.0
60.0,-15.13,7525008.0,478.0
50.0,-15.56,7524895.0,440.0
50.0,-28.12,7471628.0,433.0
50.0,-29.44,7367311.0,433.0
50.0,-29.44,7306678.0,433.0
50.0,-29.37,7309021.0,433.0
50.0,-29.37,7309912.0,433.0
50.0,-29.37,7309169.0,433.0
50.0,-29.37,7307768.0,433.0
50.0,-29.31,7308001.0,433.0
50.0,-29.31,7307866.0,433.0
50.0,-29.31,7309067.0,433.0
50.0,-29.31,7312200.0,433.0
50.0,-29.31,7310793.0,433.0
50.0,-29.31,7309838.0,433.0
50.0,-29.31,7312003.0,433.0
50.0,-29.31,7313086.0,433.0
50.0,-29.31,7316033.0,433.0
50.0,-29.31,7316304.0,433.0
50.0,-29.31,7315841.0,433.0
50.0,-29.31,7314370.0,433.0
50.0,-29.31,7311985.0,433.0
50.0,-29.31,7313558.0,433.0
50.0,-29.31,7312599.0,432.0
50.0,-29.31,7312980.0,433.0
50.0,-29.31,7315265.0,433.0
50.0,-29.31,7314870.0,433.0
50.0,-29.31,7315383.0,432.0
50.0,-29.31,7315446.0,433.0
50.0,-29.31,7315329.0,432.0
50.0,-29.31,7314942.0,433.0
50.0,-29.31,7313825.0,433.0
50.0,-29.31,7313016.0,432.0
50.0,-29.31,7313099.0,433.0
50.0,-29.31,7314416.0,433.0
50.0,-29.31,7316071.0,433.0
50.0,-29.31,7316594.0,433.0
50.0,-29.31,7316789.0,432.0
50.0,-29.31,7316550.0,433.0
50.0,-29.31,7316627.0,433.0
50.0,-29.31,7316786.0,433.0
50.0,-29.31,7316169.0,433.0
50.0,-29.31,7316994.0,433.0
50.0,-29.31,7316901.0,433.0
50.0,-29.31,7316028.0,433.0
50.0,-29.31,7317863.0,433.0
50.0,-29.31,7317064.0,433.0
50.0,-29.31,7315773.0,433.0
50.0,-29.31,7314962.0,433.0
50.0,-29.31,7315189.0,433.0
50.0,-29.31,7315512.0,433.0
40.0,-29.31,7312637.0,393.0
40.0,-43.5,7275662.0,386.0
40.0,-44.06,7150713.0,385.0
40.0,-44.06,7058372.0,385.0
40.0,-44.06,7061647.0,386.0
40.0,-44.06,7062920.0,385.0
40.0,-44.06,7063231.0,386.0
40.0,-44.06,7064306.0,386.0
40.0,-44.06,7064273.0,386.0
40.0,-44.06,7063014.0,386.0
40.0,-44.06,7067533.0,386.0
40.0,-44.06,7069970.0,386.0
40.0,-44.06,7071619.0,385.0
40.0,-44.06,7071440.0,385.0
40.0,-44.06,7069289.0,385.0
40.0,-44.06,7069316.0,386.0
40.0,-44.06,7071217.0,386.0
40.0,-44.06,7071144.0,385.0
40.0,-44.06,7071693.0,386.0
40.0,-44.06,7071264.0,386.0
40.0,-44.06,7072685.0,385.0
40.0,-44.06,7074066.0,386.0
40.0,-44.06,7072973.0,385.0
40.0,-44.06,7073208.0,386.0
40.0,-44.06,7073921.0,385.0
40.0,-44.06,7072966.0,385.0
40.0,-44.06,7072629.0,385.0
40.0,-44.06,7074272.0,385.0
40.0,-44.06,7073909.0,385.0
40.0,-44.06,7074658.0,386.0
40.0,-44.06,7075035.0,385.0
40.0,-44.06,7076994.0,386.0
40.0,-44.06,7078175.0,385.0
40.0,-44.06,7076526.0,385.0
40.0,-44.06,7076783.0,385.0
40.0,-44.06,7078778.0,385.0
40.0,-44.06,7076315.0,386.0
40.0,-44.06,7074566.0,385.0
40.0,-44.06,7075245.0,385.0
40.0,-44.06,7075640.0,386.0
40.0,-44.06,7076611.0,385.0
40.0,-44.06,7076662.0,386.0
40.0,-44.06,7075549.0,385.0
40.0,-44.06,7074834.0,386.0
40.0,-44.06,7074357.0,386.0
40.0,-44.06,7075220.0,386.0
40.0,-44.06,7074489.0,386.0
40.0,-44.06,7075204.0,386.0
40.0,-44.06,7077305.0,386.0
40.0,-44.06,7077976.0,385.0
30.0,-43.81,7075503.0,347.0
30.0,-56.88,7057708.0,337.0
30.0,-58.38,6832771.0,337.0
30.0,-58.31,6803038.0,338.0
30.0,-58.25,6803383.0,337.0
30.0,-58.19,6804402.0,337.0
30.0,-58.13,6806539.0,338.0
30.0,-58.13,6807318.0,338.0
30.0,-58.06,6807733.0,337.0
30.0,-58.0,6806722.0,337.0
30.0,-58.0,6806125.0,338.0
30.0,-58.0,6806554.0,338.0
30.0,-58.0,6807347.0,338.0
30.0,-58.0,6809218.0,338.0
30.0,-58.0,6811049.0,337.0
30.0,-58.0,6809516.0,338.0
30.0,-58.0,6811041.0,338.0
30.0,-58.0,6811638.0,338.0
30.0,-58.0,6811129.0,338.0
30.0,-58.0,6808462.0,337.0
30.0,-58.0,6807843.0,337.0
30.0,-58.0,6807804.0,338.0
30.0,-58.0,6808435.0,338.0
30.0,-58.0,6809122.0,338.0
30.0,-58.0,6810673.0,338.0
30.0,-58.0,6810032.0,338.0
30.0,-58.0,6810117.0,337.0
30.0,-58.0,6813042.0,338.0
30.0,-58.0,6812483.0,338.0
30.0,-58.0,6810420.0,338.0
30.0,-58.0,6808383.0,337.0
30.0,-58.0,6811170.0,337.0
30.0,-58.0,6810323.0,338.0
30.0,-58.0,6809544.0,338.0
30.0,-58.0,6808515.0,337.0
30.0,-58.0,6807088.0,337.0
30.0,-58.0,6807949.0,337.0
30.0,-58.0,6808636.0,337.0
30.0,-58.0,6809519.0,338.0
30.0,-58.0,6811078.0,337.0
30.0,-58.0,6812487.0,337.0
30.0,-58.0,6811376.0,337.0
30.0,-58.0,6809579.0,338.0
30.0,-58.0,6809206.0,338.0
30.0,-58.0,6807875.0,337.0
30.0,-58.0,6811308.0,338.0
30.0,-58.0,6811351.0,337.0
30.0,-58.0,6811712.0,337.0
30.0,-58.0,6811149.0,338.0
30.0,-58.0,6811460.0,338.0
20.0,-58.0,6815351.0,299.0
20.0,-69.81,6800660.0,291.0
20.0,-70.62,6556649.0,291.0
20.0,-70.62,6512136.0,291.0
20.0,-70.62,6508019.0,291.0
20.0,-70.62,6507280.0,292.0
20.0,-70.62,6508169.0,292.0
20.0,-70.62,6508006.0,292.0
20.0,-70.62,6509259.0,292.0
20.0,-70.62,6510674.0,292.0
20.0,-70.62,6510005.0,292.0
20.0,-70.62,6509050.0,291.0
20.0,-70.62,6509053.0,292.0
20.0,-70.62,6512362.0,292.0
20.0,-70.62,6511559.0,292.0
20.0,-70.62,6509492.0,292.0
20.0,-70.62,6508513.0,293.0
20.0,-70.62,6509840.0,292.0
20.0,-70.62,6510665.0,292.0
20.0,-70.62,6511616.0,291.0
20.0,-70.62,6511307.0,292.0
20.0,-70.62,6512370.0,292.0
20.0,-70.62,6513413.0,291.0
20.0,-70.62,6511816.0,292.0
20.0,-70.62,6511821.0,292.0
20.0,-70.62,6513386.0,291.0
20.0,-70.62,6511017.0,292.0
20.0,-70.62,6511760.0,292.0
20.0,-70.62,6511757.0,292.0
20.0,-70.62,6512448.0,292.0
20.0,-70.62,6510843.0,292.0
20.0,-70.62,6510468.0,292.0
20.0,-70.62,6512469.0,292.0
20.0,-70.62,6514324.0,292.0
20.0,-70.62,6517267.0,292.0
20.0,-70.62,6515806.0,292.0
20.0,-70.62,6514179.0,292.0
20.0,-70.62,6514090.0,292.0
20.0,-70.62,6513329.0,292.0
20.0,-70.62,6511950.0,291.0
20.0,-70.62,6511241.0,292.0
20.0,-70.62,6513650.0,292.0
20.0,-70.62,6514397.0,291.0
20.0,-70.62,6512608.0,292.0
20.0,-70.62,6512085.0,292.0
20.0,-70.62,6510490.0,292.0
20.0,-70.62,6509287.0,292.0
20.0,-70.62,6510054.0,292.0
20.0,-70.62,6512933.0,291.0
20.0,-70.62,6514994.0,292.0
10.0,-70.62,6515439.0,258.0
10.0,-82.0,6508364.0,246.0
10.0,-83.31,6219453.0,246.0
10.0,-83.31,6097676.0,246.0
10.0,-83.31,6067517.0,246.0
10.0,-83.31,6062182.0,246.0
10.0,-83.37,6061197.0,246.0
10.0,-83.44,6059340.0,245.0
10.0,-83.44,6058045.0,246.0
10.0,-83.5,6057430.0,245.0
10.0,-83.5,6055491.0,246.0
10.0,-83.56,6051874.0,246.0
10.0,-83.56,6050561.0,246.0
10.0,-83.56,6050072.0,246.0
10.0,-83.56,6050483.0,246.0
10.0,-83.62,6051136.0,246.0
10.0,-83.62,6051799.0,246.0
10.0,-83.62,6052400.0,246.0
10.0,-83.62,6051315.0,246.0
10.0,-83.62,6051696.0,246.0
10.0,-83.62,6052815.0,246.0
10.0,-83.62,6052760.0,246.0
10.0,-83.62,6054521.0,246.0
10.0,-83.62,6053652.0,245.0
10.0,-83.62,6052437.0,246.0
10.0,-83.62,6051530.0,246.0
10.0,-83.62,6051957.0,246.0
10.0,-83.62,6052480.0,246.0
10.0,-83.62,6051695.0,245.0
10.0,-83.62,6052016.0,246.0
10.0,-83.62,6053313.0,246.0
10.0,-83.62,6052950.0,246.0
10.0,-83.62,6054613.0,246.0
10.0,-83.62,6054442.0,246.0
10.0,-83.62,6052973.0,245.0
10.0,-83.62,6053290.0,246.0
10.0,-83.62,6052553.0,246.0
10.0,-83.62,6051356.0,246.0
10.0,-83.62,6051271.0,246.0
10.0,-83.62,6051046.0,246.0
10.0,-83.62,6050621.0,246.0
10.0,-83.62,6050456.0,246.0
10.0,-83.62,6051273.0,246.0
10.0,-83.62,6048966.0,246.0
10.0,-83.62,6048837.0,246.0
10.0,-83.62,6049088.0,247.0
10.0,-83.62,6049339.0,246.0
10.0,-83.62,6048780.0,246.0
10.0,-83.62,6047707.0,246.0
10.0,-83.62,6047940.0,246.0
20.0,-83.62,6049633.0,282.0
20.0,-71.75,6139506.0,289.0
20.0,-71.12,6357451.0,289.0
20.0,-71.06,6491824.0,290.0
20.0,-71.06,6497293.0,289.0
20.0,-71.06,6500698.0,290.0
20.0,-71.06,6500385.0,290.0
20.0,-71.06,6501018.0,290.0
20.0,-71.06,6502173.0,290.0
20.0,-71.06,6503254.0,290.0
20.0,-71.06,6503889.0,289.0
20.0,-71.06,6505044.0,289.0
20.0,-71.06,6507123.0,289.0
20.0,-71.06,6505594.0,290.0
20.0,-71.06,6505225.0,289.0
20.0,-71.06,6504262.0,289.0
20.0,-71.06,6505391.0,289.0
20.0,-71.06,6506838.0,289.0
20.0,-71.06,6509177.0,289.0
20.0,-71.0,6510168.0,289.0
20.0,-71.06,6508767.0,289.0
20.0,-71.06,6507760.0,289.0
20.0,-71.12,6503907.0,290.0
20.0,-71.12,6503766.0,290.0
20.0,-71.12,6505643.0,289.0
20.0,-71.12,6505242.0,289.0
20.0,-71.19,6504795.0,288.0
20.0,-71.19,6506720.0,290.0
20.0,-71.19,6505619.0,289.0
20.0,-71.19,6508388.0,290.0
20.0,-71.19,6509387.0,289.0
20.0,-71.19,6509314.0,289.0
20.0,-71.19,6509445.0,290.0
20.0,-71.19,6509300.0,289.0
20.0,-71.19,6509441.0,290.0
20.0,-71.19,6509172.0,289.0
20.0,-71.19,6509243.0,290.0
20.0,-71.19,6509030.0,289.0
20.0,-71.19,6509177.0,289.0
20.0,-71.19,6509540.0,289.0
20.0,-71.19,6509351.0,290.0
20.0,-71.19,6510216.0,290.0
20.0,-71.19,6508571.0,290.0
20.0,-71.19,6508520.0,289.0
20.0,-71.19,6509817.0,289.0
20.0,-71.19,6509936.0,289.0
20.0,-71.19,6509053.0,289.0
20.0,-71.19,6508054.0,289.0
20.0,-71.19,6508849.0,290.0
20.0,-71.19,6510700.0,289.0
30.0,-71.06,6514837.0,322.0
30.0,-59.63,6549444.0,335.0
30.0,-57.19,6688251.0,335.0
30.0,-57.25,6842362.0,335.0
30.0,-57.25,6847453.0,336.0
30.0,-57.25,6849668.0,336.0
30.0,-57.25,6848173.0,335.0
30.0,-57.25,6848494.0,335.0
30.0,-57.25,6849433.0,336.0
30.0,-57.25,6850406.0,335.0
30.0,-57.25,6850917.0,336.0
30.0,-57.25,6849780.0,336.0
30.0,-57.25,6852767.0,335.0
30.0,-57.25,6852422.0,336.0
30.0,-57.25,6852295.0,336.0
30.0,-57.25,6852252.0,336.0
30.0,-57.25,6853595.0,335.0
30.0,-57.25,6854536.0,335.0
30.0,-57.25,6854731.0,336.0
30.0,-57.25,6853464.0,336.0
30.0,-57.25,6853777.0,336.0
30.0,-57.25,6856242.0,336.0
30.0,-57.25,6856357.0,335.0
30.0,-57.25,6855472.0,335.0
30.0,-57.25,6856107.0,335.0
30.0,-57.25,6857746.0,336.0
30.0,-57.25,6857833.0,336.0
30.0,-57.25,6855180.0,336.0
30.0,-57.25,6855971.0,336.0
30.0,-57.25,6854836.0,335.0
30.0,-57.25,6854779.0,336.0
30.0,-57.25,6854934.0,335.0
30.0,-57.25,6856519.0,336.0
30.0,-57.25,6856408.0,335.0
30.0,-57.25,6857027.0,336.0
30.0,-57.25,6857894.0,336.0
30.0,-57.25,6858025.0,336.0
30.0,-57.25,6858180.0,335.0
30.0,-57.25,6855967.0,336.0
30.0,-57.25,6855504.0,336.0
30.0,-57.25,6855125.0,335.0
30.0,-57.25,6856718.0,336.0
30.0,-57.25,6857025.0,336.0
30.0,-57.25,6857140.0,336.0
30.0,-57.25,6856287.0,336.0
30.0,-57.25,6855768.0,336.0
30.0,-57.25,6858083.0,335.0
30.0,-57.25,6855172.0,336.0
30.0,-57.25,6853077.0,335.0
30.0,-57.25,6854460.0,336.0
40.0,-56.81,6859615.0,372.0
40.0,-45.0,6879656.0,382.0
40.0,-43.0,7083465.0,382.0
40.0,-43.06,7113978.0,382.0
40.0,-43.13,7110979.0,382.0
40.0,-43.19,7109302.0,382.0
40.0,-43.25,7108041.0,382.0
40.0,-43.31,7108296.0,382.0
40.0,-43.38,7108705.0,382.0
40.0,-43.38,7107244.0,382.0
40.0,-43.44,7104619.0,382.0
40.0,-43.44,7105386.0,382.0
40.0,-43.44,7106011.0,382.0
40.0,-43.44,7105708.0,383.0
40.0,-43.44,7107053.0,382.0
40.0,-43.44,7103312.0,382.0
40.0,-43.44,7102767.0,382.0
40.0,-43.44,7103940.0,382.0
40.0,-43.44,7103173.0,382.0
40.0,-43.44,7104616.0,382.0
40.0,-43.44,7105515.0,382.0
40.0,-43.44,7103962.0,382.0
40.0,-43.44,7103467.0,383.0
40.0,-43.44,7104964.0,382.0
40.0,-43.44,7104187.0,382.0
40.0,-43.44,7103698.0,382.0
40.0,-43.44,7102601.0,382.0
40.0,-43.44,7103296.0,382.0
40.0,-43.44,7106083.0,382.0
40.0,-43.44,7106634.0,382.0
40.0,-43.44,7106371.0,382.0
40.0,-43.44,7105854.0,382.0
40.0,-43.44,7103367.0,382.0
40.0,-43.44,7102914.0,382.0
40.0,-43.44,7104111.0,382.0
40.0,-43.44,7105556.0,382.0
40.0,-43.44,7105875.0,382.0
40.0,-43.44,7107778.0,382.0
40.0,-43.44,7109249.0,382.0
40.0,-43.44,7108758.0,382.0
40.0,-43.44,7108041.0,382.0
40.0,-43.44,7107128.0,382.0
40.0,-43.44,7104519.0,381.0
40.0,-43.44,7106344.0,382.0
40.0,-43.44,7108071.0,382.0
40.0,-43.44,7107728.0,382.0
40.0,-43.44,7107953.0,382.0
40.0,-43.44,7108252.0,382.0
40.0,-43.44,7107705.0,382.0
40.0,-43.44,7104800.0,382.0
50.0,-43.44,7106531.0,416.0
50.0,-31.19,7115064.0,428.0
50.0,-29.12,7283319.0,428.0
50.0,-29.19,7325396.0,428.0
50.0,-29.31,7336779.0,428.0
50.0,-29.37,7337750.0,428.0
50.0,-29.44,7336443.0,428.0
50.0,-29.5,7335812.0,428.0
50.0,-29.56,7335375.0,428.0
50.0,-29.62,7337046.0,429.0
50.0,-29.62,7338019.0,428.0
50.0,-29.69,7337190.0,428.0
50.0,-29.69,7337949.0,428.0
50.0,-29.69,7338138.0,428.0
50.0,-29.69,7336359.0,428.0
50.0,-29.69,7335384.0,428.0
50.0,-29.69,7335005.0,428.0
50.0,-29.69,7336764.0,428.0
50.0,-29.69,7335731.0,428.0
50.0,-29.69,7337014.0,428.0
50.0,-29.69,7337859.0,428.0
50.0,-29.69,7339554.0,428.0
50.0,-29.69,7340505.0,428.0
50.0,-29.69,7339384.0,434.0
50.0,-28.06,7346159.0,433.0
50.0,-28.06,7359962.0,433.0
50.0,-28.06,7361555.0,434.0
50.0,-28.06,7362000.0,433.0
50.0,-28.06,7361733.0,433.0
50.0,-28.06,7363116.0,433.0
50.0,-28.06,7362155.0,434.0
50.0,-28.06,7364016.0,433.0
50.0,-28.06,7363181.0,433.0
50.0,-28.06,7361300.0,433.0
50.0,-28.06,7360723.0,434.0
50.0,-28.06,7361494.0,434.0
50.0,-28.06,7361343.0,433.0
50.0,-28.06,7362132.0,434.0
50.0,-28.06,7363551.0,433.0
50.0,-28.06,7361170.0,434.0
50.0,-28.06,7361847.0,434.0
50.0,-28.06,7362296.0,434.0
50.0,-28.06,7361897.0,433.0
50.0,-28.06,7362660.0,434.0
50.0,-28.06,7361993.0,433.0
50.0,-28.06,7360132.0,433.0
50.0,-28.06,7359517.0,434.0
50.0,-28.06,7361020.0,433.0
50.0,-28.06,7362631.0,434.0
50.0,-28.06,7361008.0,434.0
60.0,-27.69,7359413.0,464.0
60.0,-17.44,7408566.0,472.0
60.0,-15.38,7485597.0,474.0
60.0,-15.31,7523456.0,474.0
60.0,-15.38,7527609.0,474.0
60.0,-15.5,7527272.0,474.0
60.0,-15.56,7526987.0,474.0
60.0,-15.63,7526026.0,474.0
60.0,-15.63,7527795.0,474.0
60.0,-15.69,7525944.0,473.0
60.0,-15.75,7525629.0,473.0
60.0,-15.75,7526218.0,474.0
60.0,-15.75,7525473.0,473.0
60.0,-15.75,7526030.0,474.0
60.0,-15.75,7526687.0,473.0
60.0,-15.75,7527336.0,474.0
60.0,-15.75,7528647.0,474.0
60.0,-15.75,7528844.0,474.0
60.0,-15.75,7526873.0,473.0
60.0,-15.75,7525880.0,474.0
60.0,-15.75,7527765.0,474.0
60.0,-15.75,7528814.0,474.0
60.0,-15.75,7528805.0,473.0
60.0,-15.75,7528670.0,474.0
60.0,-15.75,7527675.0,474.0
60.0,-15.75,7526898.0,473.0
60.0,-15.75,7528937.0,473.0
60.0,-15.75,7531422.0,474.0
60.0,-15.63,7532105.0,474.0
60.0,-15.63,7532532.0,474.0
60.0,-15.63,7531817.0,474.0
60.0,-15.63,7531226.0,475.0
60.0,-15.63,7530311.0,474.0
60.0,-15.63,7528722.0,474.0
60.0,-15.63,7527783.0,473.0
60.0,-15.63,7528480.0,474.0
60.0,-15.63,7529309.0,474.0
60.0,-15.63,7532082.0,474.0
60.0,-15.63,7532743.0,474.0
60.0,-15.63,7532150.0,474.0
60.0,-15.63,7533303.0,473.0
60.0,-15.63,7534848.0,474.0
60.0,-15.63,7535031.0,474.0
60.0,-15.63,7535964.0,474.0
60.0,-15.63,7535555.0,474.0
60.0,-15.63,7535180.0,474.0
60.0,-15.63,7532389.0,474.0
60.0,-15.63,7532398.0,474.0
60.0,-15.63,7530665.0,474.0
60.0,-15.63,7530942.0,474.0
70.0,-15.63,7536075.0,505.0
70.0,-4.31,7562084.0,515.0
70.0,-2.19,7631621.0,515.0
70.0,-2.25,7691804.0,516.0
70.0,-2.31,7693677.0,516.0
70.0,-2.38,7695920.0,516.0
70.0,-2.44,7694983.0,516.0
70.0,-2.5,7693684.0,516.0
70.0,-2.56,7694123.0,516.0
70.0,-2.63,7695184.0,515.0
70.0,-2.63,7694011.0,516.0
70.0,-2.63,7692954.0,516.0
70.0,-2.63,7694017.0,516.0
70.0,-2.63,7696650.0,515.0
70.0,-2.63,7695227.0,516.0
70.0,-2.63,7695606.0,516.0
70.0,-2.63,7696259.0,516.0
70.0,-2.63,7696394.0,515.0
70.0,-2.63,7692731.0,516.0
70.0,-2.63,7692194.0,516.0
70.0,-2.5,7691783.0,516.0
70.0,-2.5,7692112.0,516.0
70.0,-2.56,7696059.0,516.0
70.0,-2.56,7696610.0,516.0
70.0,-2.63,7698977.0,516.0
70.0,-2.63,7696432.0,516.0
70.0,-2.63,7696557.0,516.0
70.0,-2.69,7698066.0,516.0
70.0,-2.69,7698261.0,516.0
70.0,-2.69,7698986.0,517.0
70.0,-2.69,7698685.0,517.0
70.0,-2.69,7698158.0,516.0
70.0,-2.69,7696719.0,516.0
70.0,-2.69,7695870.0,516.0
70.0,-2.69,7697551.0,516.0
70.0,-2.69,7700320.0,516.0
70.0,-2.69,7698233.0,516.0
70.0,-2.69,7696156.0,516.0
70.0,-2.69,7696317.0,516.0
70.0,-2.69,7696466.0,516.0
70.0,-2.69,7694475.0,516.0
70.0,-2.69,7694498.0,516.0
70.0,-2.69,7693827.0,516.0
70.0,-2.69,7692248.0,516.0
70.0,-2.69,7690103.0,516.0
70.0,-2.69,7691058.0,516.0
70.0,-2.69,7691085.0,516.0
70.0,-2.69,7692058.0,516.0
70.0,-2.69,7692133.0,516.0
70.0,-2.69,7692226.0,516.0
70.0,-2.69,7694727.0,517.0
70.0,-2.69,7697790.0,517.0
70.0,-2.69,7696221.0,516.0
70.0,-2.69,7695004.0,516.0
70.0,-2.69,7693491.0,516.0
70.0,-2.69,7691886.0,516.0
70.0,-2.69,7691939.0,516.0
70.0,-2.69,7693336.0,517.0
70.0,-2.69,7694771.0,516.0
70.0,-2.69,7692602.0,516.0
70.0,-2.69,7692935.0,516.0
70.0,-2.69,7693838.0,516.0
70.0,-2.69,7693957.0,517.0
70.0,-2.69,7694356.0,518.0
70.0,-2.19,7695607.0,518.0
70.0,-2.25,7698250.0,518.0
70.0,-2.25,7699923.0,518.0
70.0,-2.31,7699674.0,518.0
70.0,-2.38,7697751.0,517.0
70.0,-2.38,7698176.0,518.0
70.0,-2.44,7698303.0,517.0
70.0,-2.44,7697284.0,518.0
70.0,-2.44,7696969.0,517.0
70.0,-2.44,7696518.0,517.0
70.0,-2.44,7696921.0,517.0
70.0,-2.44,7697474.0,517.0
70.0,-2.44,7697351.0,517.0
70.0,-2.44,7695488.0,518.0
70.0,-2.44,7694527.0,518.0
70.0,-2.44,7694784.0,518.0
70.0,-2.44,7694039.0,517.0
70.0,-2.44,7695524.0,518.0
70.0,-2.44,7695079.0,518.0
70.0,-2.44,7697558.0,518.0
70.0,-2.44,7691519.0,518.0
70.0,-2.44,7690322.0,517.0
70.0,-2.44,7689853.0,518.0
70.0,-2.44,7690882.0,517.0
70.0,-2.44,7691925.0,518.0
70.0,-2.44,7693144.0,518.0
70.0,-2.44,7692055.0,518.0
70.0,-2.44,7692040.0,518.0
70.0,-2.31,7689859.0,518.0
70.0,-2.31,7690310.0,518.0
70.0,-2.38,7694013.0,518.0
70.0,-2.38,7692740.0,518.0
70.0,-2.38,7692825.0,518.0
70.0,-2.44,7691526.0,518.0
70.0,-2.44,7688409.0,518.0
70.0,-2.44,7689390.0,518.0
60.0,-2.44,7690617.0,485.0
60.0,-14.13,7683188.0,479.0
60.0,-15.38,7566349.0,479.0
60.0,-15.38,7546756.0,478.0
60.0,-15.38,7546017.0,478.0
60.0,-15.38,7545096.0,478.0
60.0,-15.38,7544603.0,479.0
60.0,-15.38,7542744.0,479.0
60.0,-15.38,7544215.0,478.0
60.0,-15.38,7543824.0,478.0
60.0,-15.38,7544709.0,478.0
60.0,-15.38,7547286.0,479.0
60.0,-15.38,7544237.0,478.0
60.0,-15.38,7541698.0,479.0
60.0,-15.38,7542695.0,478.0
60.0,-15.38,7544138.0,479.0
60.0,-15.38,7544875.0,478.0
60.0,-15.38,7543602.0,478.0
60.0,-15.38,7543593.0,478.0
60.0,-15.38,7545220.0,479.0
60.0,-15.38,7545221.0,478.0
60.0,-15.38,7544184.0,479.0
60.0,-15.38,7544537.0,478.0
60.0,-15.38,7544486.0,479.0
60.0,-15.38,7544239.0,479.0
60.0,-15.38,7544358.0,478.0
60.0,-15.38,7545379.0,478.0
60.0,-15.38,7544912.0,478.0
60.0,-15.38,7544175.0,479.0
60.0,-15.38,7543582.0,479.0
60.0,-15.38,7545105.0,478.0
60.0,-15.38,7545282.0,478.0
60.0,-15.38,7548517.0,478.0
60.0,-15.38,7548242.0,478.0
60.0,-15.38,7545445.0,478.0
60.0,-15.38,7545346.0,479.0
60.0,-15.38,7544013.0,479.0
60.0,-15.38,7544948.0,478.0
60.0,-15.38,7545605.0,478.0
60.0,-15.38,7545444.0,479.0
60.0,-15.38,7545669.0,478.0
60.0,-15.38,7545260.0,479.0
60.0,-15.38,7546387.0,478.0
60.0,-15.38,7547982.0,478.0
60.0,-15.38,7550425.0,479.0
60.0,-15.38,7548946.0,478.0
60.0,-15.38,7547941.0,478.0
60.0,-15.38,7548254.0,478.0
60.0,-15.38,7547825.0,478.0
60.0,-15.38,7547226.0,478.0
50.0,-15.94,7550167.0,440.0
50.0,-28.81,7542742.0,433.0
50.0,-29.62,7383579.0,434.0
50.0,-29.62,7351158.0,434.0
50.0,-29.62,7348637.0,433.0
50.0,-29.62,7348928.0,434.0
50.0,-29.62,7350315.0,433.0
50.0,-29.62,7349684.0,433.0
50.0,-29.62,7347703.0,433.0
50.0,-29.62,7349214.0,434.0
50.0,-29.62,7349761.0,433.0
50.0,-29.62,7351698.0,433.0
50.0,-29.62,7353523.0,434.0
50.0,-29.62,7353592.0,433.0
50.0,-29.62,7352573.0,433.0
50.0,-29.62,7352576.0,433.0
50.0,-29.62,7352591.0,433.0
50.0,-29.62,7353428.0,433.0
50.0,-29.62,7353089.0,434.0
50.0,-29.62,7354606.0,433.0
50.0,-29.62,7356225.0,433.0
50.0,-29.62,7357324.0,433.0
50.0,-29.62,7358377.0,434.0
50.0,-29.62,7361370.0,433.0
50.0,-29.62,7363177.0,434.0
50.0,-29.62,7362316.0,434.0
50.0,-29.62,7362009.0,433.0
50.0,-29.62,7363534.0,434.0
50.0,-29.62,7364435.0,433.0
50.0,-29.62,7363326.0,434.0
50.0,-29.62,7366961.0,433.0
50.0,-29.62,7366690.0,433.0
50.0,-29.62,7363559.0,433.0
50.0,-29.62,7364926.0,434.0
50.0,-29.62,7361469.0,433.0
50.0,-29.62,7360276.0,433.0
50.0,-29.62,7362193.0,433.0
50.0,-29.62,7363302.0,433.0
50.0,-29.62,7364525.0,433.0
50.0,-29.62,7364130.0,433.0
50.0,-29.62,7363719.0,433.0
50.0,-29.62,7364010.0,433.0
50.0,-29.62,7364543.0,433.0
50.0,-29.62,7365670.0,433.0
50.0,-29.62,7365699.0,433.0
50.0,-29.62,7364214.0,433.0
50.0,-29.62,7363369.0,433.0
50.0,-29.62,7362816.0,433.0
50.0,-29.62,7362181.0,433.0
50.0,-29.62,7364298.0,433.0
40.0,-29.62,7364435.0,393.0
40.0,-43.13,7309680.0,386.0
40.0,-44.13,7183791.0,386.0
40.0,-44.13,7117644.0,387.0
40.0,-44.13,7118341.0,386.0
40.0,-44.13,7118188.0,387.0
40.0,-44.13,7119155.0,387.0
40.0,-44.13,7119784.0,387.0
40.0,-44.13,7122945.0,387.0
40.0,-44.13,7126186.0,387.0
40.0,-44.13,7128269.0,386.0
40.0,-44.13,7126014.0,387.0
40.0,-44.13,7123741.0,387.0
40.0,-44.13,7123506.0,386.0
40.0,-44.13,7123611.0,387.0
40.0,-44.13,7122698.0,386.0
40.0,-44.13,7122973.0,386.0
40.0,-44.13,7123318.0,387.0
40.0,-44.13,7123683.0,387.0
40.0,-44.13,7124416.0,387.0
40.0,-44.13,7121995.0,386.0
40.0,-44.13,7121604.0,387.0
40.0,-44.13,7121983.0,387.0
40.0,-44.13,7126202.0,386.0
40.0,-44.13,7126883.0,387.0
40.0,-44.13,7127684.0,386.0
40.0,-44.13,7131245.0,387.0
40.0,-44.13,7129252.0,387.0
40.0,-44.13,7126163.0,386.0
40.0,-44.13,7126848.0,386.0
40.0,-44.13,7126409.0,387.0
40.0,-44.13,7123682.0,386.0
40.0,-44.13,7123569.0,386.0
40.0,-44.13,7126728.0,387.0
40.0,-44.13,7127221.0,387.0
40.0,-44.13,7125438.0,387.0
40.0,-44.13,7125007.0,386.0
40.0,-44.13,7124398.0,387.0
40.0,-44.13,7124663.0,386.0
40.0,-44.13,7124044.0,386.0
40.0,-44.13,7123675.0,386.0
40.0,-44.13,7124498.0,386.0
40.0,-44.13,7123605.0,386.0
40.0,-44.13,7124422.0,386.0
40.0,-44.13,7125257.0,386.0
40.0,-44.13,7125258.0,386.0
40.0,-44.13,7126799.0,386.0
40.0,-44.13,7126372.0,386.0
40.0,-44.13,7126847.0,386.0
40.0,-44.13,7126666.0,387.0
30.0,-44.13,7127377.0,348.0
30.0,-57.56,7096726.0,338.0
30.0,-59.0,6965287.0,338.0
30.0,-59.0,6843242.0,338.0
30.0,-59.0,6841791.0,337.0
30.0,-59.0,6840062.0,337.0
30.0,-59.0,6841057.0,338.0
30.0,-59.0,6841720.0,337.0
30.0,-59.0,6842755.0,338.0
30.0,-59.0,6841136.0,338.0
30.0,-59.0,6841571.0,338.0
30.0,-59.0,6841558.0,338.0
30.0,-59.0,6842903.0,338.0
30.0,-59.0,6843360.0,338.0
30.0,-59.0,6844931.0,338.0
30.0,-59.0,6844284.0,338.0
30.0,-59.0,6848781.0,337.0
30.0,-59.0,6850976.0,337.0
30.0,-59.0,6849095.0,338.0
30.0,-59.0,6851118.0,337.0
30.0,-59.0,6853039.0,338.0
30.0,-59.0,6853606.0,338.0
30.0,-59.0,6853525.0,338.0
30.0,-59.0,6852490.0,338.0
30.0,-59.0,6851075.0,338.0
30.0,-59.0,6852580.0,338.0
30.0,-59.0,6851981.0,337.0
30.0,-59.0,6850686.0,338.0
30.0,-59.0,6850851.0,337.0
30.0,-59.0,6851022.0,337.0
30.0,-59.0,6851667.0,338.0
30.0,-59.0,6852436.0,337.0
30.0,-59.0,6851163.0,338.0
30.0,-59.0,6849530.0,338.0
30.0,-59.0,6849527.0,338.0
30.0,-59.0,6851246.0,338.0
30.0,-59.0,6848407.0,337.0
30.0,-59.0,6849054.0,338.0
30.0,-59.0,6849557.0,338.0
30.0,-59.0,6850942.0,337.0
30.0,-59.0,6854005.0,338.0
30.0,-59.0,6854668.0,337.0
30.0,-59.0,6852895.0,338.0
30.0,-59.0,6852464.0,338.0
30.0,-59.0,6852005.0,337.0
30.0,-59.0,6851872.0,338.0
30.0,-59.0,6853613.0,337.0
30.0,-59.0,6854226.0,337.0
30.0,-59.0,6854293.0,338.0
30.0,-59.0,6856462.0,338.0
20.0,-59.19,6852671.0,298.0
20.0,-71.81,6827742.0,290.0
20.0,-73.0,6586141.0,291.0
20.0,-72.94,6553532.0,291.0
20.0,-72.87,6546527.0,291.0
20.0,-72.81,6545164.0,291.0
20.0,-72.75,6545155.0,291.0
20.0,-72.69,6546258.0,291.0
20.0,-72.69,6547959.0,291.0
20.0,-72.69,6550060.0,291.0
20.0,-72.69,6546107.0,291.0
20.0,-72.69,6545330.0,291.0
20.0,-72.69,6543487.0,291.0
20.0,-72.69,6544236.0,291.0
20.0,-72.69,6548181.0,291.0
20.0,-72.69,6547234.0,291.0
20.0,-72.69,6547401.0,291.0
20.0,-72.69,6546254.0,291.0
20.0,-72.69,6546247.0,291.0
20.0,-72.69,6543800.0,291.0
20.0,-72.69,6544069.0,291.0
20.0,-72.69,6543832.0,291.0
20.0,-72.69,6543419.0,291.0
20.0,-72.69,6541830.0,291.0
20.0,-72.69,6542123.0,291.0
20.0,-72.69,6542040.0,291.0
20.0,-72.69,6541753.0,291.0
20.0,-72.69,6543432.0,291.0
20.0,-72.69,6542905.0,291.0
20.0,-72.69,6540596.0,291.0
20.0,-72.69,6539049.0,291.0
20.0,-72.69,6541070.0,291.0
20.0,-72.69,6544275.0,291.0
20.0,-72.69,6544068.0,291.0
20.0,-72.69,6542341.0,291.0
20.0,-72.69,6542072.0,291.0
20.0,-72.69,6542917.0,291.0
20.0,-72.69,6543368.0,291.0
20.0,-72.69,6544915.0,291.0
20.0,-72.69,6545142.0,291.0
20.0,-72.69,6544707.0,291.0
20.0,-72.69,6544118.0,291.0
20.0,-72.69,6541967.0,291.0
20.0,-72.69,6542974.0,291.0
20.0,-72.69,6543549.0,291.0
20.0,-72.69,6545046.0,291.0
20.0,-72.69,6543391.0,291.0
20.0,-72.69,6543878.0,291.0
20.0,-72.69,6544277.0,291.0
20.0,-72.69,6546344.0,291.0
10.0,-72.69,6543621.0,256.0
10.0,-83.62,6531636.0,247.0
10.0,-85.19,6243515.0,247.0
10.0,-85.19,6150036.0,247.0
10.0,-85.12,6120993.0,247.0
10.0,-85.06,6117436.0,247.0
10.0,-85.06,6113855.0,247.0
10.0,-85.0,6112982.0,247.0
10.0,-85.0,6111389.0,247.0
10.0,-84.94,6106950.0,247.0
10.0,-84.94,6105719.0,247.0
10.0,-84.94,6100844.0,247.0
10.0,-84.94,6099673.0,247.0
10.0,-84.94,6099334.0,247.0
10.0,-84.94,6098945.0,247.0
10.0,-84.94,6097560.0,247.0
10.0,-84.94,6097235.0,247.0
10.0,-84.94,6097236.0,247.0
10.0,-84.94,6096597.0,247.0
10.0,-84.94,6094416.0,247.0
10.0,-84.94,6094591.0,247.0
10.0,-84.94,6095412.0,247.0
10.0,-84.94,6094129.0,247.0
10.0,-84.94,6093778.0,247.0
10.0,-84.94,6093387.0,247.0
10.0,-84.94,6091582.0,247.0
10.0,-84.94,6089001.0,247.0
10.0,-84.94,6088950.0,247.0
10.0,-84.94,6092683.0,247.0
10.0,-84.94,6091290.0,247.0
10.0,-84.94,6090241.0,247.0
10.0,-84.94,6089282.0,247.0
10.0,-84.94,6087391.0,247.0
10.0,-84.94,6086652.0,246.0
10.0,-84.94,6085345.0,247.0
10.0,-84.94,6084050.0,248.0
10.0,-84.94,6086209.0,247.0
10.0,-84.94,6086300.0,247.0
10.0,-84.94,6084917.0,247.0
10.0,-84.94,6085996.0,247.0
10.0,-84.94,6086563.0,247.0
10.0,-84.94,6084256.0,247.0
10.0,-84.94,6083087.0,247.0
10.0,-84.94,6083734.0,247.0
10.0,-84.94,6082971.0,247.0
10.0,-84.94,6082482.0,247.0
10.0,-84.94,6082553.0,247.0
10.0,-84.94,6082932.0,247.0
10.0,-84.94,6081955.0,247.0
10.0,-84.94,6084320.0,247.0
20.0,-84.94,6081871.0,283.0
20.0,-73.94,6202998.0,288.0
20.0,-73.5,6410367.0,289.0
20.0,-73.5,6510716.0,289.0
20.0,-73.44,6513057.0,289.0
20.0,-73.37,6514270.0,289.0
20.0,-73.37,6514649.0,289.0
20.0,-73.31,6517316.0,289.0
20.0,-73.25,6516007.0,288.0
20.0,-73.25,6516842.0,289.0
20.0,-73.19,6517761.0,289.0
20.0,-73.19,6518688.0,289.0
20.0,-73.19,6518745.0,289.0
20.0,-73.19,6520026.0,289.0
20.0,-73.19,6518273.0,289.0
20.0,-73.19,6521062.0,289.0
20.0,-73.19,6521167.0,289.0
20.0,-73.19,6520962.0,289.0
20.0,-73.19,6521273.0,289.0
20.0,-73.19,6520940.0,289.0
20.0,-73.19,6522403.0,289.0
20.0,-73.19,6521758.0,289.0
20.0,-73.19,6521389.0,289.0
20.0,-73.19,6520610.0,289.0
20.0,-73.19,6520543.0,289.0
20.0,-73.19,6519516.0,289.0
20.0,-73.19,6521393.0,289.0
20.0,-73.19,6521516.0,289.0
20.0,-73.19,6522973.0,289.0
20.0,-73.19,6524826.0,289.0
20.0,-73.19,6524063.0,288.0
20.0,-73.19,6518578.0,289.0
20.0,-73.19,6518613.0,289.0
20.0,-73.19,6518488.0,289.0
20.0,-73.19,6519863.0,289.0
20.0,-73.19,6519570.0,289.0
20.0,-73.19,6518761.0,289.0
20.0,-73.19,6518876.0,289.0
20.0,-73.19,6518155.0,289.0
20.0,-73.19,6518192.0,289.0
20.0,-73.19,6517107.0,288.0
20.0,-73.19,6518374.0,289.0
20.0,-73.19,6516119.0,289.0
20.0,-73.19,6516770.0,289.0
20.0,-73.19,6517741.0,289.0
20.0,-73.19,6521870.0,289.0
20.0,-73.19,6524235.0,288.0
20.0,-73.19,6526068.0,289.0
20.0,-73.19,6526835.0,289.0
20.0,-73.19,6524528.0,289.0
30.0,-73.06,6523437.0,325.0
30.0,-61.19,6578596.0,335.0
30.0,-59.19,6728887.0,336.0
30.0,-59.19,6856656.0,335.0
30.0,-59.19,6859531.0,336.0
30.0,-59.19,6859208.0,335.0
30.0,-59.19,6857491.0,335.0
30.0,-59.19,6856636.0,335.0
30.0,-59.19,6856801.0,336.0
30.0,-59.19,6859518.0,336.0
30.0,-59.19,6861469.0,336.0
30.0,-59.19,6861848.0,335.0
30.0,-59.19,6859815.0,336.0
30.0,-59.19,6859336.0,336.0
30.0,-59.19,6860097.0,336.0
30.0,-59.19,6858680.0,336.0
30.0,-59.19,6859763.0,336.0
30.0,-59.19,6861164.0,336.0
30.0,-59.19,6862565.0,335.0
30.0,-59.19,6862928.0,335.0
30.0,-59.19,6859197.0,336.0
30.0,-59.19,6859528.0,335.0
30.0,-59.19,6859887.0,336.0
30.0,-59.19,6859592.0,336.0
30.0,-59.19,6861337.0,335.0
30.0,-59.19,6863810.0,336.0
30.0,-59.19,6862563.0,336.0
30.0,-59.19,6862000.0,336.0
30.0,-59.19,6862037.0,335.0
30.0,-59.19,6861898.0,336.0
30.0,-59.19,6860831.0,335.0
30.0,-59.19,6862118.0,336.0
30.0,-59.19,6864319.0,336.0
30.0,-59.19,6863470.0,335.0
30.0,-59.19,6864405.0,336.0
30.0,-59.19,6865452.0,335.0
30.0,-59.19,6863589.0,336.0
30.0,-59.19,6861618.0,335.0
30.0,-59.19,6862591.0,336.0
30.0,-59.19,6864570.0,335.0
30.0,-59.19,6865065.0,335.0
30.0,-59.19,6865598.0,336.0
30.0,-59.19,6865169.0,335.0
30.0,-59.19,6864700.0,335.0
30.0,-59.19,6863077.0,336.0
30.0,-59.19,6866448.0,336.0
30.0,-59.19,6865477.0,336.0
30.0,-59.19,6866250.0,335.0
30.0,-59.19,6866275.0,336.0
30.0,-59.19,6863618.0,335.0
40.0,-58.63,6863051.0,372.0
40.0,-46.44,6897214.0,383.0
40.0,-45.0,7009389.0,382.0
40.0,-45.0,7120858.0,382.0
40.0,-45.0,7121771.0,383.0
40.0,-45.0,7121508.0,382.0
40.0,-45.0,7118681.0,382.0
40.0,-45.0,7119124.0,382.0
40.0,-45.0,7119037.0,383.0
40.0,-45.0,7118358.0,382.0
40.0,-45.0,7121443.0,382.0
40.0,-45.0,7122358.0,381.0
40.0,-45.0,7122943.0,382.0
40.0,-45.0,7122584.0,382.0
40.0,-45.0,7121753.0,382.0
40.0,-45.0,7121944.0,382.0
40.0,-45.0,7123559.0,382.0
40.0,-45.0,7123870.0,381.0
40.0,-45.0,7125549.0,382.0
40.0,-45.0,7123758.0,382.0
40.0,-45.0,7124301.0,382.0
40.0,-45.0,7121634.0,382.0
40.0,-45.0,7120989.0,382.0
40.0,-45.0,7121090.0,382.0
40.0,-45.0,7122337.0,382.0
40.0,-45.0,7122666.0,382.0
40.0,-45.0,7122285.0,382.0
40.0,-45.0,7122440.0,382.0
40.0,-45.0,7122857.0,382.0
40.0,-45.0,7121172.0,382.0
40.0,-45.0,7120605.0,382.0
40.0,-45.0,7120060.0,382.0
40.0,-45.0,7120663.0,382.0
40.0,-45.0,7119822.0,382.0
40.0,-45.0,7120425.0,382.0
40.0,-45.0,7122092.0,382.0
40.0,-45.0,7122633.0,382.0
40.0,-45.0,7122306.0,386.0
40.0,-44.06,7125537.0,385.0
40.0,-44.06,7134268.0,385.0
40.0,-44.06,7134755.0,385.0
40.0,-44.06,7134256.0,385.0
40.0,-44.06,7134937.0,385.0
40.0,-44.06,7134978.0,385.0
40.0,-44.06,7136875.0,385.0
40.0,-44.06,7136706.0,385.0
40.0,-44.06,7137587.0,385.0
40.0,-44.06,7137632.0,386.0
40.0,-44.06,7138663.0,385.0
40.0,-44.06,7139976.0,385.0
50.0,-43.88,7142665.0,417.0
50.0,-33.0,7154676.0,427.0
50.0,-30.87,7312731.0,428.0
50.0,-30.87,7346196.0,427.0
50.0,-30.87,7353809.0,428.0
50.0,-30.87,7353078.0,428.0
50.0,-30.87,7349071.0,428.0
50.0,-30.87,7347496.0,428.0
50.0,-30.87,7347351.0,428.0
50.0,-30.87,7348624.0,427.0
50.0,-30.87,7350175.0,428.0
50.0,-30.87,7350486.0,427.0
50.0,-30.87,7350083.0,428.0
50.0,-30.87,7350252.0,428.0
50.0,-30.87,7350327.0,428.0
50.0,-30.87,7348822.0,428.0
50.0,-30.87,7348821.0,428.0
50.0,-30.87,7349840.0,427.0
50.0,-30.87,7350275.0,428.0
50.0,-30.87,7348792.0,428.0
50.0,-30.87,7347379.0,428.0
50.0,-30.87,7347072.0,427.0
50.0,-30.87,7350949.0,428.0
50.0,-30.87,7350630.0,428.0
50.0,-30.87,7350533.0,428.0
50.0,-30.87,7350860.0,427.0
50.0,-30.87,7349485.0,428.0
50.0,-30.87,7349650.0,428.0
50.0,-30.87,7353407.0,428.0
50.0,-30.87,7353972.0,428.0
50.0,-30.87,7352955.0,428.0
50.0,-30.87,7355176.0,427.0
50.0,-30.87,7353053.0,428.0
50.0,-30.87,7350060.0,428.0
50.0,-30.87,7352147.0,428.0
50.0,-30.87,7352696.0,427.0
50.0,-30.87,7351889.0,428.0
50.0,-30.87,7350526.0,427.0
50.0,-30.87,7348961.0,427.0
50.0,-30.87,7348848.0,427.0
50.0,-30.87,7351487.0,427.0
50.0,-30.87,7352116.0,428.0
50.0,-30.87,7353035.0,428.0
50.0,-30.87,7349812.0,427.0
50.0,-30.87,7350289.0,428.0
50.0,-30.87,7350964.0,428.0
50.0,-30.87,7350419.0,428.0
50.0,-30.87,7349880.0,428.0
50.0,-30.87,7349397.0,428.0
50.0,-30.87,7351830.0,428.0
60.0,-30.81,7344849.0,461.0
60.0,-18.69,7349380.0,473.0
60.0,-16.31,7489829.0,474.0
60.0,-16.31,7536822.0,473.0
60.0,-16.37,7545865.0,474.0
60.0,-16.44,7550914.0,474.0
60.0,-16.44,7553911.0,473.0
60.0,-16.5,7553650.0,473.0
60.0,-16.5,7554943.0,473.0
60.0,-16.56,7553928.0,473.0
60.0,-16.56,7552913.0,473.0
60.0,-16.56,7552634.0,474.0
60.0,-16.56,7551939.0,473.0
60.0,-16.56,7551430.0,474.0
60.0,-16.56,7550959.0,474.0
60.0,-16.56,7549216.0,473.0
60.0,-16.56,7548891.0,474.0
60.0,-16.56,7550526.0,473.0
60.0,-16.56,7551141.0,474.0
60.0,-16.56,7550596.0,474.0
60.0,-16.56,7551085.0,474.0
60.0,-16.56,7553052.0,473.0
60.0,-16.56,7554677.0,474.0
60.0,-16.56,7556920.0,473.0
60.0,-16.56,7554289.0,473.0
60.0,-16.56,7554058.0,473.0
60.0,-16.56,7553973.0,473.0
60.0,-16.56,7553446.0,474.0
60.0,-16.56,7554179.0,473.0
60.0,-16.56,7555164.0,474.0
60.0,-16.56,7557011.0,473.0
60.0,-16.56,7557572.0,474.0
60.0,-16.56,7557019.0,474.0
60.0,-16.56,7556768.0,473.0
60.0,-16.56,7556847.0,473.0
60.0,-16.56,7557778.0,473.0
60.0,-16.56,7558165.0,473.0
60.0,-16.56,7554534.0,473.0
60.0,-16.56,7552623.0,473.0
60.0,-16.56,7552912.0,474.0
60.0,-16.56,7553019.0,473.0
60.0,-16.56,7554158.0,473.0
60.0,-16.56,7554845.0,474.0
60.0,-16.56,7555642.0,473.0
60.0,-16.56,7557051.0,473.0
60.0,-16.56,7558296.0,473.0
60.0,-16.56,7559225.0,473.0
60.0,-16.56,7557230.0,474.0
60.0,-16.56,7557027.0,473.0
60.0,-16.56,7557896.0,473.0
70.0,-16.31,7559747.0,506.0
70.0,-5.06,7598982.0,516.0
70.0,-2.94,7672609.0,516.0
70.0,-3.0,7720058.0,515.0
70.0,-3.06,7722725.0,516.0
70.0,-3.06,7721356.0,516.0
70.0,-3.13,7717519.0,516.0
70.0,-3.19,7717634.0,516.0
70.0,-3.06,7719157.0,516.0
70.0,-3.06,7721936.0,516.0
70.0,-3.06,7720653.0,516.0
70.0,-3.13,7720900.0,516.0
70.0,-3.13,7719353.0,516.0
70.0,-3.19,7721344.0,516.0
70.0,-3.19,7720891.0,516.0
70.0,-3.19,7720256.0,516.0
70.0,-3.19,7719713.0,516.0
70.0,-3.19,7718162.0,516.0
70.0,-3.19,7718275.0,516.0
70.0,-3.19,7718776.0,517.0
70.0,-3.19,7717063.0,516.0
70.0,-3.19,7717116.0,516.0
70.0,-3.19,7717943.0,516.0
70.0,-3.19,7719570.0,516.0
70.0,-3.19,7720727.0,516.0
70.0,-3.19,7719554.0,516.0
70.0,-3.19,7719495.0,516.0
70.0,-3.19,7720136.0,516.0
70.0,-3.19,7718275.0,516.0
70.0,-3.19,7719174.0,516.0
70.0,-3.19,7719089.0,517.0
70.0,-3.19,7719786.0,516.0
70.0,-3.19,7720981.0,516.0
70.0,-3.19,7719986.0,517.0
70.0,-3.19,7719787.0,516.0
70.0,-3.19,7719154.0,516.0
70.0,-3.19,7719569.0,516.0
70.0,-3.19,7720362.0,516.0
70.0,-3.19,7720721.0,516.0
70.0,-3.19,7719752.0,516.0
70.0,-3.19,7719499.0,516.0
70.0,-3.19,7712680.0,516.0
70.0,-3.19,7711943.0,516.0
70.0,-3.19,7712936.0,516.0
70.0,-3.19,7714705.0,516.0
70.0,-3.19,7715620.0,516.0
70.0,-3.19,7717137.0,516.0
70.0,-3.19,7716112.0,516.0
70.0,-3.19,7717475.0,516.0
70.0,-3.19,7717348.0,516.0
70.0,-3.19,7713807.0,516.0
70.0,-3.19,7712794.0,516.0
70.0,-3.19,7712931.0,516.0
70.0,-3.19,7709446.0,516.0
70.0,-3.19,7708899.0,516.0
70.0,-3.19,7710062.0,516.0
70.0,-3.19,7709815.0,516.0
70.0,-3.19,7711204.0,516.0
70.0,-3.19,7711243.0,516.0
70.0,-3.19,7713282.0,516.0
70.0,-3.19,7716783.0,516.0
70.0,-3.19,7715466.0,517.0
70.0,-3.19,7714833.0,516.0
70.0,-3.19,7714188.0,516.0
70.0,-3.19,7711589.0,516.0
70.0,-3.19,7712100.0,516.0
70.0,-3.19,7711631.0,517.0
70.0,-3.19,7712266.0,517.0
70.0,-3.19,7707997.0,517.0
70.0,-3.19,7706178.0,516.0
70.0,-3.19,7707663.0,516.0
70.0,-3.19,7709282.0,516.0
70.0,-3.19,7709227.0,516.0
70.0,-3.19,7707686.0,516.0
70.0,-3.19,7707529.0,516.0
70.0,-3.19,7708586.0,516.0
70.0,-3.19,7709789.0,516.0
70.0,-3.19,7712180.0,516.0
70.0,-3.19,7711431.0,516.0
70.0,-3.19,7712918.0,516.0
70.0,-3.19,7714607.0,516.0
70.0,-3.19,7716668.0,516.0
70.0,-3.19,7715093.0,516.0
70.0,-3.19,7712572.0,516.0
70.0,-3.19,7711635.0,516.0
70.0,-3.19,7711510.0,516.0
70.0,-3.19,7711481.0,516.0
70.0,-3.19,7711916.0,516.0
70.0,-3.19,7716817.0,516.0
70.0,-3.19,7716660.0,516.0
70.0,-3.19,7714509.0,516.0
70.0,-3.19,7714316.0,517.0
70.0,-3.19,7714379.0,516.0
70.0,-3.19,7715052.0,516.0
70.0,-3.19,7713125.0,516.0
70.0,-3.19,7712860.0,516.0
70.0,-3.19,7713759.0,516.0
70.0,-3.19,7713586.0,516.0
70.0,-3.19,7711221.0,516.0
70.0,-3.19,7709890.0,516.0
60.0,-3.38,7710247.0,485.0
60.0,-14.69,7700422.0,478.0
60.0,-15.56,7584025.0,479.0
60.0,-15.56,7570144.0,479.0
60.0,-15.56,7568547.0,478.0
60.0,-15.56,7567356.0,479.0
60.0,-15.56,7566875.0,479.0
60.0,-15.56,7568158.0,478.0
60.0,-15.56,7565883.0,477.0
60.0,-15.56,7564100.0,478.0
60.0,-15.56,7563167.0,478.0
60.0,-15.56,7562986.0,479.0
60.0,-15.56,7561987.0,478.0
60.0,-15.56,7562444.0,478.0
60.0,-15.56,7564973.0,478.0
60.0,-15.56,7564038.0,478.0
60.0,-15.56,7563399.0,478.0
60.0,-15.56,7560066.0,478.0
60.0,-15.56,7559791.0,478.0
60.0,-15.56,7559730.0,478.0
60.0,-15.56,7560497.0,478.0
60.0,-15.56,7560236.0,479.0
60.0,-15.56,7562261.0,478.0
60.0,-15.56,7561522.0,478.0
60.0,-15.56,7561869.0,478.0
60.0,-15.56,7559980.0,478.0
60.0,-15.56,7561075.0,478.0
60.0,-15.56,7562848.0,478.0
60.0,-15.56,7562577.0,478.0
60.0,-15.56,7562532.0,478.0
60.0,-15.56,7561237.0,478.0
60.0,-15.56,7560850.0,478.0
60.0,-15.56,7558191.0,478.0
60.0,-15.56,7559066.0,478.0
60.0,-15.56,7557911.0,478.0
60.0,-15.56,7558032.0,479.0
60.0,-15.56,7559125.0,478.0
60.0,-15.56,7558324.0,479.0
60.0,-15.56,7559091.0,479.0
60.0,-15.56,7561372.0,478.0
60.0,-15.56,7560621.0,478.0
60.0,-15.56,7559744.0,479.0
60.0,-15.56,7557781.0,478.0
60.0,-15.56,7560368.0,478.0
60.0,-15.56,7564387.0,478.0
60.0,-15.56,7561506.0,478.0
60.0,-15.56,7558685.0,478.0
60.0,-15.56,7558178.0,479.0
60.0,-15.56,7558679.0,479.0
60.0,-15.56,7559030.0,478.0
50.0,-15.56,7562293.0,443.0
50.0,-28.37,7555030.0,433.0
50.0,-29.94,7404437.0,433.0
50.0,-29.94,7368942.0,433.0
50.0,-29.94,7360995.0,433.0
50.0,-29.94,7359776.0,433.0
50.0,-29.94,7359469.0,433.0
50.0,-29.94,7360588.0,433.0
50.0,-29.94,7360635.0,433.0
50.0,-29.94,7360620.0,433.0
50.0,-29.94,7362939.0,433.0
50.0,-29.94,7364092.0,433.0
50.0,-29.94,7365037.0,433.0
50.0,-29.94,7364660.0,433.0
50.0,-29.94,7365565.0,433.0
50.0,-29.94,7367374.0,432.0
50.0,-29.94,7366339.0,433.0
50.0,-29.94,7365260.0,433.0
50.0,-29.94,7365553.0,433.0
50.0,-29.94,7370404.0,433.0
50.0,-29.94,7370775.0,433.0
50.0,-29.94,7369156.0,432.0
50.0,-29.94,7369273.0,433.0
50.0,-29.94,7369332.0,433.0
50.0,-29.94,7368999.0,433.0
50.0,-29.94,7369866.0,433.0
50.0,-29.94,7366907.0,432.0
50.0,-29.94,7366690.0,433.0
50.0,-29.94,7366805.0,433.0
50.0,-29.94,7365704.0,433.0
50.0,-29.94,7365109.0,433.0
50.0,-29.94,7365324.0,433.0
50.0,-29.94,7367543.0,433.0
50.0,-29.94,7368148.0,433.0
50.0,-29.94,7369035.0,433.0
50.0,-29.94,7370334.0,433.0
50.0,-29.94,7369473.0,433.0
50.0,-29.94,7368430.0,433.0
50.0,-29.94,7369087.0,433.0
50.0,-29.94,7368114.0,433.0
50.0,-29.94,7367589.0,433.0
50.0,-29.94,7369366.0,433.0
50.0,-29.94,7370283.0,433.0
50.0,-29.94,7370376.0,433.0
50.0,-29.94,7370299.0,433.0
50.0,-29.94,7371780.0,433.0
50.0,-29.94,7371247.0,433.0
50.0,-29.94,7372384.0,433.0
50.0,-29.94,7374881.0,433.0
50.0,-29.94,7371256.0,433.0
40.0,-30.19,7371595.0,391.0
40.0,-44.31,7364904.0,385.0
40.0,-44.81,7179419.0,385.0
40.0,-44.81,7136102.0,385.0
40.0,-44.81,7136055.0,385.0
40.0,-44.81,7136774.0,385.0
40.0,-44.81,7136799.0,385.0
40.0,-44.81,7139690.0,385.0
40.0,-44.81,7138265.0,385.0
40.0,-44.81,7137444.0,385.0
40.0,-44.81,7139035.0,385.0
40.0,-44.81,7144356.0,385.0
40.0,-44.81,7143399.0,385.0
40.0,-44.81,7143148.0,384.0
40.0,-44.81,7141889.0,385.0
40.0,-44.81,7142932.0,385.0
40.0,-44.81,7144349.0,385.0
40.0,-44.81,7145408.0,384.0
40.0,-44.81,7143189.0,385.0
40.0,-44.81,7142554.0,384.0
40.0,-44.81,7140879.0,385.0
40.0,-44.81,7141854.0,385.0
40.0,-44.81,7143181.0,385.0
40.0,-44.81,7143526.0,385.0
40.0,-44.81,7147037.0,384.0
40.0,-44.81,7145448.0,385.0
40.0,-44.81,7145469.0,385.0
40.0,-44.81,7145816.0,385.0
40.0,-44.81,7149643.0,385.0
40.0,-44.81,7150254.0,385.0
40.0,-44.81,7151443.0,384.0
40.0,-44.81,7152594.0,385.0
40.0,-44.81,7150673.0,385.0
40.0,-44.81,7147984.0,385.0
40.0,-44.81,7147239.0,385.0
40.0,-44.81,7149628.0,385.0
40.0,-44.81,7150587.0,385.0
40.0,-44.81,7149858.0,385.0
40.0,-44.81,7151123.0,385.0
40.0,-44.81,7149946.0,385.0
40.0,-44.81,7148545.0,385.0
40.0,-44.81,7149604.0,384.0
40.0,-44.81,7148819.0,385.0
40.0,-44.81,7152176.0,385.0
40.0,-44.81,7153053.0,385.0
40.0,-44.81,7151790.0,385.0
40.0,-44.81,7152507.0,385.0
40.0,-44.81,7154764.0,385.0
40.0,-44.81,7158673.0,385.0
40.0,-44.81,7158104.0,386.0
30.0,-44.94,7149907.0,347.0
30.0,-58.25,7099056.0,337.0
30.0,-59.19,6965805.0,338.0
30.0,-59.13,6882130.0,338.0
30.0,-59.0,6881681.0,338.0
30.0,-58.94,6881232.0,338.0
30.0,-58.94,6882479.0,338.0
30.0,-58.88,6882578.0,337.0
30.0,-58.81,6881819.0,338.0
30.0,-58.81,6884810.0,338.0
30.0,-58.81,6886091.0,338.0
30.0,-58.81,6886714.0,338.0
30.0,-58.81,6887669.0,338.0
30.0,-58.81,6888332.0,338.0
30.0,-58.81,6891801.0,338.0
30.0,-58.81,6892460.0,338.0
30.0,-58.81,6889883.0,338.0
30.0,-58.81,6889638.0,338.0
30.0,-58.81,6888025.0,337.0
30.0,-58.81,6888300.0,338.0
30.0,-58.81,6890527.0,337.0
30.0,-58.81,6891184.0,338.0
30.0,-58.81,6890917.0,337.0
30.0,-58.81,6891936.0,337.0
30.0,-58.81,6891427.0,338.0
30.0,-58.81,6890222.0,337.0
30.0,-58.81,6891087.0,338.0
30.0,-58.81,6890812.0,338.0
30.0,-58.81,6891005.0,338.0
30.0,-58.81,6890516.0,338.0
30.0,-58.81,6890423.0,337.0
30.0,-58.81,6887880.0,338.0
30.0,-58.81,6887245.0,338.0
30.0,-58.81,6886138.0,338.0
30.0,-58.81,6886341.0,338.0
30.0,-58.81,6887222.0,338.0
30.0,-58.81,6888983.0,338.0
30.0,-58.81,6890692.0,337.0
30.0,-58.81,6889935.0,338.0
30.0,-58.81,6889928.0,338.0
30.0,-58.81,6888755.0,338.0
30.0,-58.81,6886194.0,338.0
30.0,-58.81,6886091.0,337.0
30.0,-58.81,6885686.0,338.0
30.0,-58.81,6886985.0,337.0
30.0,-58.81,6886892.0,337.0
30.0,-58.81,6886295.0,338.0
30.0,-58.81,6888086.0,338.0
30.0,-58.81,6889037.0,337.0
30.0,-58.81,6889088.0,337.0
20.0,-59.0,6890789.0,299.0
20.0,-71.94,6849794.0,289.0
20.0,-73.25,6709629.0,289.0
20.0,-73.19,6578310.0,290.0
20.0,-73.12,6576017.0,290.0
20.0,-73.06,6574482.0,290.0
20.0,-73.06,6574261.0,289.0
20.0,-73.0,6572794.0,289.0
20.0,-72.94,6573591.0,289.0
20.0,-72.94,6573432.0,290.0
20.0,-72.94,6573245.0,289.0
20.0,-72.94,6572484.0,289.0
20.0,-72.94,6571745.0,289.0
20.0,-72.94,6570922.0,289.0
20.0,-72.94,6570347.0,289.0
20.0,-72.94,6572448.0,289.0
20.0,-72.94,6572213.0,290.0
20.0,-72.94,6572466.0,289.0
20.0,-72.94,6573279.0,289.0
20.0,-72.94,6571648.0,289.0
20.0,-72.94,6571481.0,289.0
20.0,-72.94,6571654.0,289.0
20.0,-72.94,6572837.0,289.0
20.0,-72.94,6575624.0,289.0
20.0,-72.94,6574063.0,290.0
20.0,-72.94,6574948.0,289.0
20.0,-72.94,6573143.0,290.0
20.0,-72.94,6570868.0,290.0
20.0,-72.94,6570371.0,289.0
20.0,-72.94,6572132.0,289.0
20.0,-72.94,6573323.0,289.0
20.0,-72.94,6573618.0,290.0
20.0,-72.94,6573561.0,289.0
20.0,-72.94,6573536.0,289.0
20.0,-72.94,6573715.0,289.0
20.0,-72.94,6573536.0,290.0
20.0,-72.94,6573689.0,289.0
20.0,-72.94,6573102.0,289.0
20.0,-72.94,6573681.0,290.0
20.0,-72.94,6574380.0,290.0
20.0,-72.94,6571853.0,289.0
20.0,-72.94,6571750.0,290.0
20.0,-72.94,6571469.0,289.0
20.0,-72.94,6571474.0,289.0
20.0,-72.94,6572615.0,289.0
20.0,-72.94,6572250.0,289.0
20.0,-72.94,6572409.0,289.0
20.0,-72.94,6573828.0,289.0
20.0,-72.94,6575657.0,289.0
20.0,-72.94,6574988.0,290.0
10.0,-72.94,6573151.0,257.0
10.0,-84.25,6551712.0,247.0
10.0,-85.19,6250603.0,247.0
10.0,-85.19,6184652.0,247.0
10.0,-85.12,6164101.0,247.0
10.0,-85.06,6161742.0,247.0
10.0,-85.0,6155133.0,247.0
10.0,-85.0,6154394.0,247.0
10.0,-84.94,6152369.0,247.0
10.0,-84.94,6151824.0,247.0
10.0,-84.94,6149105.0,247.0
10.0,-84.94,6147072.0,247.0
10.0,-84.87,6145525.0,247.0
10.0,-84.87,6144958.0,246.0
10.0,-84.81,6144725.0,251.0
10.0,-83.94,6158034.0,247.0
10.0,-84.75,6178769.0,247.0
10.0,-84.69,6149182.0,248.0
10.0,-84.69,6147627.0,248.0
10.0,-84.69,6145230.0,247.0
10.0,-84.69,6143865.0,247.0
10.0,-84.69,6145470.0,247.0
10.0,-84.69,6149015.0,247.0
10.0,-84.69,6148094.0,248.0
10.0,-84.69,6146519.0,247.0
10.0,-84.69,6142856.0,247.0
10.0,-84.69,6141891.0,246.0
10.0,-84.69,6136588.0,247.0
10.0,-84.69,6137025.0,247.0
10.0,-84.69,6137960.0,247.0
10.0,-84.69,6140713.0,247.0
10.0,-84.69,6138968.0,247.0
10.0,-84.69,6136587.0,247.0
10.0,-84.69,6136532.0,248.0
10.0,-84.69,6136513.0,247.0
10.0,-84.69,6137456.0,247.0
10.0,-84.69,6138691.0,248.0
10.0,-84.69,6137290.0,247.0
10.0,-84.69,6135509.0,247.0
10.0,-84.69,6135548.0,247.0
10.0,-84.69,6137703.0,248.0
10.0,-84.69,6136454.0,247.0
10.0,-84.69,6136529.0,247.0
10.0,-84.69,6137808.0,247.0
10.0,-84.69,6134635.0,247.0
10.0,-84.69,6133006.0,248.0
10.0,-84.69,6132183.0,247.0
10.0,-84.69,6135272.0,247.0
10.0,-84.69,6135089.0,247.0
10.0,-84.69,6133470.0,248.0
20.0,-84.62,6134283.0,282.0
20.0,-74.25,6152734.0,289.0
20.0,-73.56,6477665.0,289.0
20.0,-73.62,6535400.0,289.0
20.0,-73.5,6551125.0,289.0
20.0,-73.44,6551970.0,289.0
20.0,-73.37,6552339.0,289.0
20.0,-73.31,6551654.0,289.0
20.0,-73.31,6554003.0,289.0
20.0,-73.25,6554368.0,289.0
20.0,-73.19,6553123.0,289.0
20.0,-73.19,6548966.0,290.0
20.0,-73.19,6548991.0,289.0
20.0,-73.19,6550482.0,289.0
20.0,-73.19,6550677.0,289.0
20.0,-73.19,6549996.0,288.0
20.0,-73.19,6550905.0,289.0
20.0,-73.19,6552360.0,289.0
20.0,-73.19,6553945.0,289.0
20.0,-73.19,6553174.0,288.0
20.0,-73.19,6552197.0,289.0
20.0,-73.19,6553032.0,289.0
20.0,-73.19,6554007.0,289.0
20.0,-73.19,6551588.0,289.0
20.0,-73.19,6553225.0,289.0
20.0,-73.19,6554108.0,290.0
20.0,-73.19,6551201.0,289.0
20.0,-73.19,6551282.0,289.0
20.0,-73.19,6550103.0,289.0
20.0,-73.19,6550216.0,289.0
20.0,-73.19,6552591.0,288.0
20.0,-73.19,6552732.0,289.0
20.0,-73.19,6551537.0,289.0
20.0,-73.19,6552836.0,289.0
20.0,-73.19,6554321.0,289.0
20.0,-73.19,6552644.0,289.0
20.0,-73.19,6551875.0,289.0
20.0,-73.19,6551680.0,289.0
20.0,-73.19,6549799.0,289.0
20.0,-73.19,6548994.0,289.0
20.0,-73.19,6551145.0,289.0
20.0,-73.19,6553396.0,289.0
20.0,-73.19,6552067.0,289.0
20.0,-73.19,6555430.0,289.0
20.0,-73.19,6556231.0,288.0
20.0,-73.19,6555866.0,289.0
20.0,-73.19,6555993.0,289.0
20.0,-73.19,6554940.0,289.0
20.0,-73.19,6555949.0,289.0
20.0,-73.19,6556040.0,289.0
30.0,-72.94,6558069.0,325.0
30.0,-61.38,6563668.0,335.0
30.0,-59.44,6791419.0,335.0
30.0,-59.44,6882402.0,334.0
30.0,-59.44,6884189.0,335.0
30.0,-59.44,6882956.0,335.0
30.0,-59.44,6882713.0,334.0
30.0,-59.44,6883472.0,335.0
30.0,-59.44,6883343.0,335.0
30.0,-59.44,6882696.0,335.0
30.0,-59.44,6883303.0,335.0
30.0,-59.44,6882766.0,335.0
30.0,-59.44,6882161.0,334.0
30.0,-59.44,6886354.0,335.0
30.0,-59.44,6884349.0,335.0
30.0,-59.44,6882798.0,335.0
30.0,-59.44,6885545.0,335.0
30.0,-59.44,6886950.0,335.0
30.0,-59.44,6885915.0,334.0
30.0,-59.44,6886228.0,335.0
30.0,-59.44,6886451.0,335.0
30.0,-59.44,6885682.0,335.0
30.0,-59.44,6885439.0,335.0
30.0,-59.44,6886230.0,335.0
30.0,-59.44,6884243.0,335.0
30.0,-59.44,6883292.0,335.0
30.0,-59.44,6884667.0,334.0
30.0,-59.44,6885558.0,335.0
30.0,-59.44,6886183.0,335.0
30.0,-59.44,6886986.0,334.0
30.0,-59.44,6886839.0,334.0
30.0,-59.44,6885654.0,334.0
30.0,-59.44,6884517.0,335.0
30.0,-59.44,6884710.0,335.0
30.0,-59.44,6884415.0,335.0
30.0,-59.44,6885216.0,334.0
30.0,-59.44,6887443.0,334.0
30.0,-59.44,6887330.0,335.0
30.0,-59.44,6886965.0,335.0
30.0,-59.44,6887210.0,334.0
30.0,-59.44,6884525.0,334.0
30.0,-59.44,6887436.0,334.0
30.0,-59.44,6887559.0,334.0
30.0,-59.44,6888332.0,334.0
30.0,-59.44,6888031.0,335.0
30.0,-59.44,6886586.0,334.0
30.0,-59.44,6886807.0,335.0
30.0,-59.44,6887998.0,335.0
30.0,-59.44,6887439.0,335.0
30.0,-59.44,6886872.0,334.0
40.0,-58.75,6890397.0,372.0
40.0,-46.88,6943592.0,382.0
40.0,-45.0,7064379.0,382.0
40.0,-45.0,7153654.0,382.0
40.0,-45.0,7152545.0,382.0
40.0,-45.0,7150396.0,382.0
40.0,-45.0,7149733.0,382.0
40.0,-45.0,7149486.0,382.0
40.0,-45.0,7151389.0,382.0
40.0,-45.0,7153560.0,382.0
40.0,-45.0,7152059.0,382.0
40.0,-45.0,7151658.0,382.0
40.0,-45.0,7147941.0,382.0
40.0,-45.0,7148244.0,382.0
40.0,-45.0,7148255.0,382.0
40.0,-45.0,7148360.0,382.0
40.0,-45.0,7150457.0,382.0
40.0,-45.0,7149626.0,382.0
40.0,-45.0,7149761.0,382.0
40.0,-45.0,7150410.0,382.0
40.0,-45.0,7152729.0,382.0
40.0,-45.0,7153140.0,382.0
40.0,-45.0,7148801.0,382.0
40.0,-45.0,7148756.0,382.0
40.0,-45.0,7147961.0,382.0
40.0,-45.0,7145838.0,382.0
40.0,-45.0,7145917.0,382.0
40.0,-45.0,7146230.0,382.0
40.0,-45.0,7146845.0,382.0
40.0,-45.0,7147942.0,382.0
40.0,-45.0,7148109.0,382.0
40.0,-45.0,7146424.0,382.0
40.0,-45.0,7145281.0,382.0
40.0,-45.0,7146964.0,382.0
40.0,-45.0,7147053.0,382.0
40.0,-45.0,7146154.0,382.0
40.0,-45.0,7146355.0,382.0
40.0,-45.0,7148144.0,382.0
40.0,-45.0,7147457.0,381.0
40.0,-45.0,7150436.0,382.0
40.0,-45.0,7148907.0,382.0
40.0,-45.0,7147962.0,382.0
40.0,-45.0,7146139.0,382.0
40.0,-45.0,7147336.0,382.0
40.0,-45.0,7149131.0,382.0
40.0,-45.0,7148248.0,382.0
40.0,-45.0,7148269.0,382.0
40.0,-45.0,7147646.0,383.0
40.0,-44.75,7146293.0,383.0
40.0,-44.75,7149104.0,384.0
50.0,-44.69,7154299.0,417.0
50.0,-33.69,7178990.0,428.0
50.0,-31.62,7272227.0,429.0
50.0,-31.62,7376388.0,428.0
50.0,-31.62,7377833.0,428.0
50.0,-31.62,7377538.0,428.0
50.0,-31.62,7376163.0,428.0
50.0,-31.62,7376222.0,428.0
50.0,-31.62,7378695.0,428.0
50.0,-31.62,7378316.0,429.0
50.0,-31.62,7374023.0,428.0
50.0,-31.62,7373352.0,428.0
50.0,-31.62,7374099.0,428.0
50.0,-31.62,7373062.0,428.0
50.0,-31.62,7374101.0,428.0
50.0,-31.62,7374434.0,428.0
50.0,-31.62,7371975.0,428.0
50.0,-31.62,7372136.0,428.0
50.0,-31.62,7372619.0,427.0
50.0,-31.62,7373226.0,428.0
50.0,-31.62,7373655.0,428.0
50.0,-31.62,7372260.0,428.0
50.0,-31.62,7373787.0,428.0
50.0,-31.62,7372228.0,428.0
50.0,-31.62,7371199.0,428.0
50.0,-31.62,7371962.0,428.0
50.0,-31.62,7372167.0,428.0
50.0,-31.62,7373136.0,428.0
50.0,-31.62,7373365.0,429.0
50.0,-31.62,7371892.0,428.0
50.0,-31.62,7372789.0,428.0
50.0,-31.62,7371932.0,428.0
50.0,-31.62,7371785.0,428.0
50.0,-31.62,7368984.0,428.0
50.0,-31.62,7368249.0,428.0
50.0,-31.62,7370406.0,429.0
50.0,-31.62,7368625.0,428.0
50.0,-31.62,7369728.0,428.0
50.0,-31.62,7368217.0,429.0
50.0,-31.62,7367962.0,428.0
50.0,-31.62,7371707.0,429.0
50.0,-31.62,7371648.0,428.0
50.0,-31.62,7366749.0,428.0
50.0,-31.62,7367754.0,428.0
50.0,-31.62,7369777.0,429.0
50.0,-31.62,7369064.0,428.0
50.0,-31.5,7368867.0,429.0
50.0,-31.5,7372462.0,428.0
50.0,-31.5,7371321.0,429.0
50.0,-31.5,7368774.0,429.0
60.0,-31.5,7370101.0,460.0
60.0,-20.69,7381090.0,473.0
60.0,-18.31,7529655.0,473.0
60.0,-18.19,7563868.0,473.0
60.0,-18.06,7569191.0,474.0
60.0,-18.0,7571046.0,474.0
60.0,-17.94,7575489.0,473.0
60.0,-17.87,7576766.0,473.0
60.0,-17.87,7576599.0,473.0
60.0,-17.81,7576808.0,473.0
60.0,-17.81,7574863.0,474.0
60.0,-17.81,7574396.0,473.0
60.0,-17.81,7573505.0,473.0
60.0,-17.81,7574870.0,473.0
60.0,-17.81,7574181.0,473.0
60.0,-17.81,7574510.0,474.0
60.0,-17.81,7573887.0,474.0
60.0,-17.81,7571762.0,473.0
60.0,-17.81,7569819.0,474.0
60.0,-17.81,7570676.0,473.0
60.0,-17.81,7572003.0,473.0
60.0,-17.81,7573134.0,474.0
60.0,-17.81,7573335.0,473.0
60.0,-17.81,7575392.0,474.0
60.0,-17.81,7575411.0,474.0
60.0,-17.81,7576008.0,473.0
60.0,-17.81,7576901.0,473.0
60.0,-17.81,7575730.0,473.0
60.0,-17.81,7575391.0,474.0
60.0,-17.81,7574132.0,474.0
60.0,-17.81,7576791.0,473.0
60.0,-17.81,7577410.0,474.0
60.0,-17.81,7578307.0,474.0
60.0,-17.81,7579118.0,473.0
60.0,-17.81,7579491.0,474.0
60.0,-17.81,7578500.0,474.0
60.0,-17.81,7578675.0,474.0
60.0,-17.81,7576984.0,473.0
60.0,-17.81,7579045.0,473.0
60.0,-17.81,7578666.0,473.0
60.0,-17.81,7577429.0,474.0
60.0,-17.81,7579188.0,473.0
60.0,-17.81,7579679.0,473.0
60.0,-17.81,7579786.0,474.0
60.0,-17.81,7580501.0,473.0
60.0,-17.81,7581226.0,474.0
60.0,-17.81,7581301.0,473.0
60.0,-17.81,7584206.0,474.0
60.0,-17.81,7585661.0,473.0
60.0,-17.81,7586746.0,473.0
70.0,-17.75,7586743.0,505.0
70.0,-6.75,7592468.0,516.0
70.0,-4.44,7709081.0,516.0
70.0,-4.44,7739562.0,516.0
70.0,-4.38,7744075.0,516.0
70.0,-4.31,7742238.0,516.0
70.0,-4.25,7741101.0,516.0
70.0,-4.25,7741142.0,516.0
70.0,-4.19,7743053.0,516.0
70.0,-4.19,7743380.0,516.0
70.0,-4.19,7742959.0,516.0
70.0,-4.19,7742842.0,516.0
70.0,-4.19,7742727.0,516.0
70.0,-4.19,7740524.0,517.0
70.0,-4.19,7741315.0,516.0
70.0,-4.19,7740524.0,517.0
70.0,-3.88,7739787.0,517.0
70.0,-3.88,7742668.0,517.0
70.0,-3.88,7741525.0,517.0
70.0,-3.88,7742526.0,517.0
70.0,-3.88,7744969.0,517.0
70.0,-3.88,7744298.0,517.0
70.0,-3.88,7744219.0,516.0
70.0,-3.88,7743988.0,517.0
70.0,-3.88,7745971.0,517.0
70.0,-3.88,7745762.0,517.0
70.0,-3.88,7743655.0,517.0
70.0,-3.88,7745522.0,517.0
70.0,-3.88,7745047.0,517.0
70.0,-3.88,7744888.0,517.0
70.0,-3.88,7744175.0,517.0
70.0,-3.88,7743890.0,517.0
70.0,-3.88,7745505.0,517.0
70.0,-3.88,7745280.0,517.0
70.0,-3.88,7745295.0,517.0
70.0,-3.88,7748786.0,517.0
70.0,-3.88,7748299.0,517.0
70.0,-3.88,7747264.0,517.0
70.0,-3.88,7747917.0,517.0
70.0,-3.88,7744520.0,517.0
70.0,-3.88,7743235.0,517.0
70.0,-3.88,7743732.0,517.0
70.0,-3.88,7745019.0,517.0
70.0,-3.88,7745760.0,517.0
70.0,-3.88,7745345.0,517.0
70.0,-3.88,7742888.0,517.0
70.0,-3.88,7743055.0,517.0
70.0,-3.88,7744066.0,517.0
70.0,-3.88,7745289.0,517.0
70.0,-3.88,7746486.0,517.0
70.0,-3.88,7744387.0,517.0
70.0,-3.88,7742240.0,517.0
70.0,-3.88,7742331.0,517.0
70.0,-3.88,7744344.0,517.0
70.0,-3.88,7745437.0,517.0
70.0,-3.88,7745256.0,517.0
70.0,-3.88,7746401.0,517.0
70.0,-3.88,7745438.0,517.0
70.0,-3.88,7743697.0,517.0
70.0,-3.88,7742852.0,517.0
70.0,-3.88,7742185.0,517.0
70.0,-3.88,7742212.0,517.0
70.0,-3.88,7741887.0,517.0
70.0,-3.88,7745218.0,517.0
70.0,-3.88,7741817.0,517.0
70.0,-3.88,7742026.0,517.0
70.0,-3.88,7741443.0,517.0
70.0,-3.88,7740752.0,517.0
70.0,-3.88,7739957.0,517.0
70.0,-3.88,7740596.0,517.0
70.0,-3.88,7740177.0,517.0
70.0,-3.88,7740158.0,517.0
70.0,-3.88,7740351.0,517.0
70.0,-3.88,7741462.0,517.0
70.0,-3.88,7744199.0,517.0
70.0,-3.88,7744172.0,517.0
70.0,-3.88,7743131.0,517.0
70.0,-3.88,7742876.0,517.0
70.0,-3.88,7744679.0,517.0
70.0,-3.88,7742900.0,517.0
70.0,-3.88,7741623.0,517.0
70.0,-3.88,7740842.0,517.0
70.0,-3.88,7740245.0,517.0
70.0,-3.88,7741862.0,517.0
70.0,-3.88,7741439.0,517.0
70.0,-3.81,7740256.0,517.0
70.0,-3.81,7740343.0,517.0
70.0,-3.75,7743032.0,517.0
70.0,-3.75,7743919.0,517.0
70.0,-3.75,7742140.0,517.0
70.0,-3.75,7743725.0,517.0
70.0,-3.75,7742726.0,517.0
70.0,-3.75,7741453.0,517.0
70.0,-3.75,7742266.0,517.0
70.0,-3.75,7742777.0,517.0
70.0,-3.75,7742220.0,517.0
70.0,-3.75,7742617.0,517.0
70.0,-3.75,7742788.0,517.0
70.0,-3.75,7742057.0,518.0
70.0,-3.75,7742298.0,517.0
60.0,-3.75,7739355.0,485.0
60.0,-14.38,7718918.0,478.0
60.0,-15.63,7654981.0,478.0
60.0,-15.63,7597098.0,478.0
60.0,-15.63,7595895.0,478.0
60.0,-15.63,7594152.0,478.0
60.0,-15.63,7595589.0,478.0
60.0,-15.63,7595320.0,478.0
60.0,-15.63,7597155.0,478.0
60.0,-15.63,7597312.0,478.0
60.0,-15.63,7597969.0,478.0
60.0,-15.63,7597984.0,478.0
60.0,-15.63,7597945.0,478.0
60.0,-15.63,7600622.0,479.0
60.0,-15.63,7600485.0,478.0
60.0,-15.63,7600808.0,478.0
60.0,-15.63,7599393.0,478.0
60.0,-15.63,7600616.0,478.0
60.0,-15.63,7601533.0,478.0
60.0,-15.63,7600908.0,478.0
60.0,-15.63,7600757.0,477.0
60.0,-15.63,7601724.0,478.0
60.0,-15.63,7602587.0,478.0
60.0,-15.63,7600820.0,478.0
60.0,-15.63,7602477.0,478.0
60.0,-15.63,7603522.0,478.0
60.0,-15.63,7603707.0,478.0
60.0,-15.63,7603858.0,478.0
60.0,-15.63,7604181.0,478.0
60.0,-15.63,7603342.0,478.0
60.0,-15.63,7602469.0,478.0
60.0,-15.63,7604186.0,478.0
60.0,-15.63,7604503.0,478.0
60.0,-15.63,7603748.0,479.0
60.0,-15.63,7603911.0,478.0
60.0,-15.63,7604526.0,479.0
60.0,-15.63,7603527.0,478.0
60.0,-15.63,7601516.0,478.0
60.0,-15.63,7602061.0,478.0
60.0,-15.63,7602974.0,479.0
60.0,-15.63,7600247.0,478.0
60.0,-15.63,7600648.0,478.0
60.0,-15.63,7601639.0,479.0
60.0,-15.63,7600834.0,478.0
60.0,-15.63,7602733.0,478.0
60.0,-15.63,7602034.0,479.0
60.0,-15.63,7604975.0,479.0
60.0,-15.63,7605888.0,478.0
60.0,-15.63,7603093.0,479.0
60.0,-15.63,7602322.0,478.0
50.0,-15.63,7604389.0,443.0
50.0,-27.62,7589232.0,434.0
50.0,-28.69,7432899.0,434.0
50.0,-28.69,7412430.0,434.0
50.0,-28.69,7407799.0,434.0
50.0,-28.69,7406628.0,434.0
50.0,-28.69,7401367.0,434.0
50.0,-28.69,7401422.0,434.0
50.0,-28.69,7404515.0,434.0
50.0,-28.69,7405964.0,434.0
50.0,-28.69,7407215.0,434.0
50.0,-28.69,7408888.0,434.0
50.0,-28.69,7411271.0,434.0
50.0,-28.69,7411942.0,434.0
50.0,-28.69,7412243.0,434.0
50.0,-28.69,7413766.0,434.0
50.0,-28.69,7410945.0,434.0
50.0,-28.69,7408970.0,434.0
50.0,-28.69,7409223.0,434.0
50.0,-28.69,7409520.0,434.0
50.0,-28.69,7408757.0,433.0
50.0,-28.69,7410028.0,434.0
50.0,-28.69,7409815.0,434.0
50.0,-28.69,7409512.0,434.0
50.0,-28.69,7411375.0,434.0
50.0,-28.69,7412522.0,434.0
50.0,-28.69,7412311.0,434.0
50.0,-28.69,7410976.0,434.0
50.0,-28.69,7410057.0,434.0
50.0,-28.69,7410862.0,433.0
50.0,-28.69,7409313.0,434.0
50.0,-28.69,7407126.0,434.0
50.0,-28.69,7408067.0,433.0
50.0,-28.69,7411588.0,434.0
50.0,-28.69,7411029.0,434.0
50.0,-28.69,7411610.0,434.0
50.0,-28.69,7410927.0,434.0
50.0,-28.69,7410090.0,434.0
50.0,-28.69,7411377.0,434.0
50.0,-28.69,7411890.0,434.0
50.0,-28.69,7413929.0,434.0
50.0,-28.69,7415374.0,434.0
50.0,-28.69,7415933.0,434.0
50.0,-28.69,7414628.0,433.0
50.0,-28.69,7414893.0,434.0
50.0,-28.69,7415590.0,434.0
50.0,-28.69,7416185.0,434.0
50.0,-28.69,7416510.0,434.0
50.0,-28.69,7416471.0,434.0
50.0,-28.69,7415524.0,434.0
40.0,-28.75,7415677.0,392.0
40.0,-42.25,7401546.0,387.0
40.0,-43.31,7211625.0,387.0
40.0,-43.31,7184418.0,387.0
40.0,-43.31,7183071.0,387.0
40.0,-43.31,7184024.0,387.0
40.0,-43.31,7182407.0,387.0
40.0,-43.31,7182670.0,387.0
40.0,-43.31,7185677.0,387.0
40.0,-43.31,7184718.0,387.0
40.0,-43.31,7185507.0,387.0
40.0,-43.31,7186612.0,387.0
40.0,-43.25,7187219.0,387.0
40.0,-43.25,7186254.0,387.0
40.0,-43.25,7185995.0,387.0
40.0,-43.25,7188012.0,387.0
40.0,-43.25,7187987.0,387.0
40.0,-43.25,7189466.0,387.0
40.0,-43.25,7188583.0,387.0
40.0,-43.25,7188512.0,387.0
40.0,-43.25,7188353.0,387.0
40.0,-43.25,7188508.0,387.0
40.0,-43.25,7188507.0,387.0
40.0,-43.25,7189708.0,387.0
40.0,-43.25,7189233.0,387.0
40.0,-43.25,7188818.0,387.0
40.0,-43.25,7188157.0,387.0
40.0,-43.25,7188784.0,387.0
40.0,-43.25,7188675.0,387.0
40.0,-43.25,7190188.0,387.0
40.0,-43.25,7190883.0,387.0
40.0,-43.25,7191060.0,387.0
40.0,-43.25,7192015.0,387.0
40.0,-43.25,7190972.0,387.0
40.0,-43.25,7192127.0,387.0
40.0,-43.25,7191452.0,387.0
40.0,-43.25,7193239.0,387.0
40.0,-43.25,7193462.0,387.0
40.0,-43.25,7195235.0,387.0
40.0,-43.25,7195296.0,388.0
40.0,-43.25,7194707.0,387.0
40.0,-43.25,7189964.0,387.0
40.0,-43.25,7191245.0,387.0
40.0,-43.25,7192472.0,387.0
40.0,-43.25,7193193.0,387.0
40.0,-43.25,7194010.0,387.0
40.0,-43.25,7193659.0,387.0
40.0,-43.25,7192058.0,387.0
40.0,-43.25,7191267.0,387.0
40.0,-43.25,7191440.0,387.0
30.0,-43.25,7194433.0,348.0
30.0,-56.44,7189738.0,338.0
30.0,-57.44,6972475.0,337.0
30.0,-57.44,6895804.0,337.0
30.0,-57.44,6895289.0,338.0
30.0,-57.44,6897874.0,337.0
30.0,-57.44,6898331.0,337.0
30.0,-57.44,6899072.0,337.0
30.0,-57.44,6900597.0,338.0
30.0,-57.44,6902704.0,337.0
30.0,-57.44,6901455.0,337.0
30.0,-57.44,6902814.0,337.0
30.0,-57.44,6902545.0,338.0
30.0,-57.44,6902656.0,337.0
30.0,-57.44,6900929.0,337.0
30.0,-57.44,6897914.0,337.0
30.0,-57.44,6896653.0,337.0
30.0,-57.44,6897390.0,337.0
30.0,-57.44,6896499.0,337.0
30.0,-57.44,6898184.0,338.0
30.0,-57.44,6898709.0,337.0
30.0,-57.44,6897626.0,337.0
30.0,-57.44,6896265.0,337.0
30.0,-57.44,6897714.0,337.0
30.0,-57.44,6901283.0,337.0
30.0,-57.44,6901208.0,337.0
30.0,-57.44,6901793.0,338.0
30.0,-57.44,6901670.0,337.0
30.0,-57.44,6899795.0,337.0
30.0,-57.44,6898738.0,337.0
30.0,-57.44,6898411.0,337.0
30.0,-57.44,6900708.0,337.0
30.0,-57.44,6902511.0,337.0
30.0,-57.44,6898030.0,337.0
30.0,-57.44,6897755.0,337.0
30.0,-57.44,6898412.0,337.0
30.0,-57.44,6898725.0,337.0
30.0,-57.44,6898748.0,337.0
30.0,-57.44,6897919.0,337.0
30.0,-57.44,6896328.0,337.0
30.0,-57.44,6895299.0,337.0
30.0,-57.44,6898136.0,337.0
30.0,-57.44,6902049.0,337.0
30.0,-57.44,6903810.0,337.0
30.0,-57.44,6904129.0,337.0
30.0,-57.44,6902210.0,337.0
30.0,-57.44,6905575.0,337.0
30.0,-57.44,6905614.0,337.0
30.0,-57.44,6904945.0,337.0
30.0,-57.44,6904062.0,338.0
20.0,-57.5,6902625.0,298.0
20.0,-70.06,6842858.0,291.0
20.0,-71.31,6699019.0,291.0
20.0,-71.31,6596546.0,291.0
20.0,-71.31,6595039.0,291.0
20.0,-71.31,6597150.0,290.0
20.0,-71.31,6597387.0,290.0
20.0,-71.31,6596818.0,291.0
20.0,-71.31,6596605.0,290.0
20.0,-71.31,6595322.0,291.0
20.0,-71.31,6595177.0,291.0
20.0,-71.31,6594512.0,290.0
20.0,-71.31,6596587.0,291.0
20.0,-71.31,6595680.0,291.0
20.0,-71.31,6598111.0,291.0
20.0,-71.31,6598950.0,291.0
20.0,-71.31,6598221.0,291.0
20.0,-71.31,6597292.0,291.0
20.0,-71.31,6598187.0,290.0
20.0,-71.31,6598704.0,290.0
20.0,-71.31,6600429.0,290.0
20.0,-71.31,6598842.0,290.0
20.0,-71.31,6598133.0,290.0
20.0,-71.31,6598572.0,290.0
20.0,-71.31,6598385.0,290.0
20.0,-71.31,6600860.0,290.0
20.0,-71.31,6598341.0,291.0
20.0,-71.31,6599340.0,291.0
20.0,-71.31,6598803.0,291.0
20.0,-71.31,6599420.0,290.0
20.0,-71.31,6599855.0,290.0
20.0,-71.31,6601268.0,291.0
20.0,-71.31,6601469.0,291.0
20.0,-71.31,6599914.0,291.0
20.0,-71.31,6600347.0,290.0
20.0,-71.31,6599870.0,291.0
20.0,-71.31,6599291.0,291.0
20.0,-71.31,6599658.0,290.0
20.0,-71.31,6600793.0,291.0
20.0,-71.31,6597702.0,290.0
20.0,-71.31,6596227.0,290.0
20.0,-71.31,6596406.0,290.0
20.0,-71.31,6596581.0,290.0
20.0,-71.31,6594484.0,290.0
20.0,-71.31,6596939.0,290.0
20.0,-71.31,6598130.0,291.0
20.0,-71.31,6599803.0,291.0
20.0,-71.31,6599650.0,290.0
20.0,-71.31,6596775.0,291.0
20.0,-71.31,6598712.0,291.0
10.0,-71.31,6597291.0,256.0
10.0,-83.0,6560212.0,246.0
10.0,-84.31,6408449.0,246.0
10.0,-84.31,6187520.0,246.0
10.0,-84.31,6173047.0,245.0
10.0,-84.31,6169182.0,246.0
10.0,-84.31,6163715.0,245.0
10.0,-84.31,6162698.0,246.0
10.0,-84.31,6159755.0,246.0
10.0,-84.31,6159884.0,246.0
10.0,-84.31,6156035.0,245.0
10.0,-84.31,6153420.0,246.0
10.0,-84.31,6150253.0,246.0
10.0,-84.31,6150268.0,245.0
10.0,-84.31,6148901.0,246.0
10.0,-84.31,6147166.0,246.0
10.0,-84.31,6145007.0,245.0
10.0,-84.31,6143218.0,245.0
10.0,-84.31,6142713.0,246.0
10.0,-84.31,6143626.0,246.0
10.0,-84.31,6142853.0,246.0
10.0,-84.31,6140580.0,246.0
10.0,-84.31,6140573.0,246.0
10.0,-84.31,6139860.0,246.0
10.0,-84.31,6139381.0,245.0
10.0,-84.31,6136286.0,246.0
10.0,-84.31,6136719.0,245.0
10.0,-84.31,6139802.0,245.0
10.0,-84.31,6137479.0,246.0
10.0,-84.31,6138108.0,245.0
10.0,-84.31,6137771.0,245.0
10.0,-84.31,6133864.0,246.0
10.0,-84.31,6134387.0,245.0
10.0,-84.31,6134216.0,246.0
10.0,-84.31,6135317.0,246.0
10.0,-84.31,6134962.0,246.0
10.0,-84.31,6131573.0,245.0
10.0,-84.31,6131308.0,246.0
10.0,-84.31,6129299.0,245.0
10.0,-84.31,6129038.0,245.0
10.0,-84.31,6131447.0,246.0
10.0,-84.31,6133482.0,245.0
10.0,-84.31,6131139.0,246.0
10.0,-84.31,6132186.0,245.0
10.0,-84.31,6134799.0,246.0
10.0,-84.31,6134432.0,245.0
10.0,-84.31,6132751.0,246.0
10.0,-84.31,6133926.0,245.0
10.0,-84.31,6134763.0,245.0
10.0,-84.31,6133026.0,246.0
20.0,-84.25,6131233.0,284.0
20.0,-73.06,6161196.0,289.0
20.0,-72.94,6518623.0,288.0
20.0,-72.94,6561798.0,289.0
20.0,-72.94,6566519.0,289.0
20.0,-72.94,6567970.0,288.0
20.0,-72.94,6568915.0,289.0
20.0,-72.94,6570466.0,289.0
20.0,-72.94,6571225.0,288.0
20.0,-72.94,6570756.0,288.0
20.0,-72.94,6569723.0,289.0
20.0,-72.94,6567454.0,288.0
20.0,-72.94,6565889.0,288.0
20.0,-72.94,6568528.0,288.0
20.0,-72.94,6567971.0,289.0
20.0,-72.94,6567002.0,289.0
20.0,-72.94,6567293.0,289.0
20.0,-72.94,6568892.0,288.0
20.0,-72.94,6569843.0,289.0
20.0,-72.94,6570280.0,288.0
20.0,-72.94,6570481.0,289.0
20.0,-72.94,6571290.0,289.0
20.0,-72.94,6570833.0,288.0
20.0,-72.94,6566988.0,288.0
20.0,-72.94,6565729.0,288.0
20.0,-72.94,6568466.0,288.0
20.0,-72.94,6569715.0,288.0
20.0,-72.94,6568570.0,288.0
20.0,-72.94,6570081.0,288.0
20.0,-72.94,6571842.0,289.0
20.0,-72.94,6568845.0,288.0
20.0,-72.94,6567872.0,288.0
20.0,-72.94,6569573.0,288.0
20.0,-72.94,6569138.0,288.0
20.0,-72.94,6570813.0,289.0
20.0,-72.94,6571190.0,289.0
20.0,-72.94,6571885.0,289.0
20.0,-72.94,6571538.0,289.0
20.0,-72.94,6569391.0,289.0
20.0,-72.94,6570100.0,289.0
20.0,-72.94,6571265.0,288.0
20.0,-72.94,6569980.0,288.0
20.0,-72.94,6569083.0,289.0
20.0,-72.94,6569458.0,288.0
20.0,-72.94,6572079.0,288.0
20.0,-72.94,6572518.0,289.0
20.0,-72.94,6573617.0,289.0
20.0,-72.94,6577366.0,288.0
20.0,-72.94,6578571.0,288.0
20.0,-72.94,6576822.0,289.0
30.0,-72.87,6571447.0,326.0
30.0,-61.38,6582676.0,334.0
30.0,-59.94,6822625.0,335.0
30.0,-59.81,6887558.0,335.0
30.0,-59.75,6902629.0,335.0
30.0,-59.69,6901906.0,336.0
30.0,-59.63,6903153.0,335.0
30.0,-59.56,6905690.0,335.0
30.0,-59.5,6905723.0,335.0
30.0,-59.5,6906092.0,335.0
30.0,-59.44,6905883.0,335.0
30.0,-59.44,6903424.0,335.0
30.0,-59.44,6905613.0,335.0
30.0,-59.44,6906886.0,335.0
30.0,-59.44,6907719.0,335.0
30.0,-59.44,6907606.0,335.0
30.0,-59.44,6908233.0,335.0
30.0,-59.44,6909130.0,335.0
30.0,-59.44,6908439.0,335.0
30.0,-59.44,6908294.0,335.0
30.0,-59.44,6905329.0,336.0
30.0,-59.44,6905614.0,335.0
30.0,-59.44,6905083.0,335.0
30.0,-59.44,6905456.0,334.0
30.0,-59.44,6906797.0,335.0
30.0,-59.44,6905556.0,335.0
30.0,-59.44,6902841.0,335.0
30.0,-59.44,6902000.0,335.0
30.0,-59.44,6903667.0,335.0
30.0,-59.44,6902418.0,335.0
30.0,-59.44,6901807.0,336.0
30.0,-59.44,6904602.0,335.0
30.0,-59.44,6904691.0,335.0
30.0,-59.44,6906928.0,335.0
30.0,-59.44,6908449.0,335.0
30.0,-59.44,6906482.0,335.0
30.0,-59.44,6904363.0,335.0
30.0,-59.44,6904276.0,335.0
30.0,-59.44,6904413.0,335.0
30.0,-59.44,6904800.0,335.0
30.0,-59.44,6905531.0,335.0
30.0,-59.44,6904730.0,335.0
30.0,-59.44,6904303.0,335.0
30.0,-59.44,6905610.0,335.0
30.0,-59.44,6904959.0,335.0
30.0,-59.44,6907648.0,335.0
30.0,-59.44,6906921.0,335.0
30.0,-59.44,6908460.0,335.0
30.0,-59.44,6911951.0,335.0
30.0,-59.44,6912026.0,335.0
40.0,-59.44,6905987.0,369.0
40.0,-48.31,6956350.0,382.0
40.0,-46.13,7076233.0,382.0
40.0,-46.06,7167414.0,382.0
40.0,-46.0,7168353.0,382.0
40.0,-45.94,7168550.0,382.0
40.0,-45.88,7169595.0,382.0
40.0,-45.81,7169230.0,382.0
40.0,-45.75,7170079.0,381.0
40.0,-45.75,7166566.0,382.0
40.0,-45.69,7167007.0,382.0
40.0,-45.69,7166228.0,383.0
40.0,-45.69,7168421.0,381.0
40.0,-45.69,7168680.0,381.0
40.0,-45.69,7166285.0,382.0
40.0,-45.69,7164816.0,382.0
40.0,-45.69,7165589.0,382.0
40.0,-45.69,7165578.0,382.0
40.0,-45.69,7166437.0,382.0
40.0,-45.69,7165698.0,382.0
40.0,-45.69,7165023.0,382.0
40.0,-45.69,7165936.0,382.0
40.0,-45.69,7167671.0,382.0
40.0,-45.69,7166926.0,382.0
40.0,-45.69,7164971.0,382.0
40.0,-45.69,7165848.0,382.0
40.0,-45.69,7167965.0,382.0
40.0,-45.69,7169528.0,382.0
40.0,-45.69,7171115.0,382.0
40.0,-45.69,7170868.0,382.0
40.0,-45.69,7170297.0,382.0
40.0,-45.69,7170968.0,382.0
40.0,-45.69,7171725.0,382.0
40.0,-45.69,7172362.0,382.0
40.0,-45.69,7174053.0,382.0
40.0,-45.69,7174136.0,382.0
40.0,-45.69,7174555.0,382.0
40.0,-45.69,7172844.0,382.0
40.0,-45.69,7172931.0,382.0
40.0,-45.69,7173952.0,382.0
40.0,-45.69,7173551.0,382.0
40.0,-45.69,7174024.0,382.0
40.0,-45.69,7172347.0,382.0
40.0,-45.69,7172002.0,382.0
40.0,-45.69,7172611.0,381.0
40.0,-45.69,7173642.0,382.0
40.0,-45.69,7171719.0,382.0
40.0,-45.69,7172650.0,382.0
40.0,-45.69,7174411.0,382.0
40.0,-45.69,7174814.0,382.0
50.0,-45.69,7174511.0,418.0
50.0,-34.06,7210644.0,428.0
50.0,-32.25,7309945.0,428.0
50.0,-32.19,7401648.0,428.0
50.0,-32.06,7406317.0,429.0
50.0,-32.0,7407984.0,429.0
50.0,-31.94,7407931.0,429.0
50.0,-31.87,7408786.0,429.0
50.0,-31.81,7406723.0,429.0
50.0,-31.75,7405208.0,429.0
50.0,-31.75,7404519.0,428.0
50.0,-31.69,7404862.0,428.0
50.0,-31.69,7402819.0,429.0
50.0,-31.69,7403406.0,428.0
50.0,-31.69,7402165.0,429.0
50.0,-31.69,7402552.0,428.0
50.0,-31.69,7404831.0,429.0
50.0,-31.69,7406632.0,428.0
50.0,-31.69,7403565.0,429.0
50.0,-31.69,7404606.0,429.0
50.0,-31.69,7403193.0,429.0
50.0,-31.69,7402700.0,429.0
50.0,-31.69,7403525.0,429.0
50.0,-31.69,7405104.0,429.0
50.0,-31.69,7405789.0,429.0
50.0,-31.69,7404776.0,429.0
50.0,-31.69,7402713.0,428.0
50.0,-31.69,7403748.0,429.0
50.0,-31.69,7403785.0,428.0
50.0,-31.69,7400480.0,429.0
50.0,-31.69,7397525.0,428.0
50.0,-31.69,7400232.0,428.0
50.0,-31.69,7401427.0,429.0
50.0,-31.69,7400392.0,429.0
50.0,-31.69,7398709.0,429.0
50.0,-31.69,7400604.0,428.0
50.0,-31.69,7399861.0,429.0
50.0,-31.69,7397978.0,429.0
50.0,-31.69,7395149.0,428.0
50.0,-31.69,7396074.0,430.0
50.0,-31.69,7397985.0,429.0
50.0,-31.69,7398744.0,429.0
50.0,-31.69,7398039.0,428.0
50.0,-31.69,7398892.0,428.0
50.0,-31.69,7404909.0,429.0
50.0,-31.69,7405302.0,429.0
50.0,-31.69,7401939.0,429.0
50.0,-31.69,7400634.0,429.0
50.0,-31.69,7398425.0,428.0
50.0,-31.69,7397230.0,428.0
60.0,-31.56,7400673.0,461.0
60.0,-19.81,7411766.0,473.0
60.0,-17.5,7563793.0,474.0
60.0,-17.44,7589476.0,473.0
60.0,-17.44,7588043.0,474.0
60.0,-17.44,7586722.0,473.0
60.0,-17.44,7586419.0,474.0
60.0,-17.44,7586304.0,474.0
60.0,-17.44,7586717.0,473.0
60.0,-17.44,7587646.0,473.0
60.0,-17.44,7588755.0,473.0
60.0,-17.44,7590438.0,473.0
60.0,-17.44,7591769.0,473.0
60.0,-17.44,7591050.0,473.0
60.0,-17.44,7587991.0,474.0
60.0,-17.44,7588786.0,473.0
60.0,-17.44,7588255.0,474.0
60.0,-17.44,7589994.0,473.0
60.0,-17.44,7591073.0,473.0
60.0,-17.44,7588658.0,474.0
60.0,-17.44,7589185.0,473.0
60.0,-17.44,7589392.0,473.0
60.0,-17.44,7589609.0,473.0
60.0,-17.44,7590116.0,473.0
60.0,-17.44,7590113.0,474.0
60.0,-17.44,7591110.0,473.0
60.0,-17.44,7590387.0,473.0
60.0,-17.44,7587810.0,473.0
60.0,-17.44,7588139.0,473.0
60.0,-17.44,7589668.0,474.0
60.0,-17.44,7590179.0,473.0
60.0,-17.44,7593164.0,473.0
60.0,-17.44,7591673.0,473.0
60.0,-17.44,7592622.0,473.0
60.0,-17.44,7593499.0,473.0
60.0,-17.44,7593370.0,473.0
60.0,-17.44,7591271.0,473.0
60.0,-17.44,7588612.0,473.0
60.0,-17.44,7587129.0,473.0
60.0,-17.44,7586560.0,474.0
60.0,-17.44,7588557.0,473.0
60.0,-17.44,7588422.0,474.0
60.0,-17.44,7587615.0,473.0
60.0,-17.44,7585472.0,474.0
60.0,-17.44,7585011.0,473.0
60.0,-17.44,7585568.0,474.0
60.0,-17.44,7586015.0,473.0
60.0,-17.44,7589836.0,473.0
60.0,-17.44,7590175.0,474.0
60.0,-17.44,7585990.0,473.0
70.0,-17.0,7583007.0,506.0
70.0,-5.81,7591652.0,516.0
70.0,-3.88,7713013.0,516.0
70.0,-3.88,7738614.0,515.0
70.0,-3.88,7742355.0,516.0
70.0,-3.88,7743434.0,515.0
70.0,-3.88,7741719.0,516.0
70.0,-3.88,7739986.0,515.0
70.0,-3.88,7740451.0,516.0
70.0,-3.88,7739078.0,516.0
70.0,-3.88,7739407.0,516.0
70.0,-3.88,7733862.0,516.0
70.0,-3.88,7733167.0,516.0
70.0,-3.88,7736294.0,515.0
70.0,-3.88,7735533.0,516.0
70.0,-3.88,7739532.0,516.0
70.0,-3.88,7742455.0,516.0
70.0,-3.88,7743258.0,515.0
70.0,-3.88,7742329.0,516.0
70.0,-3.88,7741142.0,516.0
70.0,-3.88,7740897.0,515.0
70.0,-3.88,7739160.0,515.0
70.0,-3.88,7739083.0,516.0
70.0,-3.88,7739606.0,516.0
70.0,-3.88,7740397.0,516.0
70.0,-3.75,7740044.0,516.0
70.0,-3.75,7741509.0,516.0
70.0,-3.75,7741934.0,516.0
70.0,-3.75,7743193.0,516.0
70.0,-3.75,7743640.0,516.0
70.0,-3.75,7740095.0,517.0
70.0,-3.75,7738974.0,516.0
70.0,-3.75,7740965.0,516.0
70.0,-3.75,7740190.0,516.0
70.0,-3.75,7735509.0,516.0
70.0,-3.75,7735202.0,516.0
70.0,-3.75,7735293.0,516.0
70.0,-3.75,7735014.0,516.0
70.0,-3.75,7734737.0,516.0
70.0,-3.75,7733770.0,516.0
70.0,-3.75,7733229.0,516.0
70.0,-3.75,7732902.0,517.0
70.0,-3.75,7734851.0,516.0
70.0,-3.75,7735634.0,516.0
70.0,-3.75,7733979.0,516.0
70.0,-3.75,7734214.0,516.0
70.0,-3.75,7737221.0,516.0
70.0,-3.75,7736462.0,516.0
70.0,-3.75,7736617.0,516.0
70.0,-3.75,7735856.0,516.0
