Theoretical Angle (deg),IMU Angle (deg),ADC Value,Rotary Encoder
0.0,28.44,94416.0,615.0
0.0,28.44,94531.0,616.0
0.0,28.44,93718.0,615.0
0.0,28.44,92734.0,616.0
0.0,28.44,93081.0,615.0
0.0,28.44,92980.0,615.0
0.0,28.44,93539.0,616.0
0.0,28.44,94416.0,615.0
0.0,28.44,94531.0,616.0
0.0,28.44,93718.0,615.0
100.0,100.0,100.0,100.0
70.0,-1.69,-13099.0,522.0
70.0,-1.69,-12676.0,522.0
70.0,-1.69,-12289.0,522.0
70.0,-1.69,-12268.0,522.0
70.0,-1.69,-11595.0,522.0
70.0,-1.69,-10850.0,522.0
70.0,-1.69,-11369.0,522.0
70.0,-1.69,-11296.0,522.0
70.0,-1.69,-11297.0,522.0
70.0,-1.69,-11412.0,522.0
70.0,-1.69,-11735.0,522.0
70.0,-1.69,-11092.0,523.0
70.0,-1.69,-10557.0,523.0
70.0,-1.69,-9308.0,523.0
70.0,-1.69,-10527.0,522.0
70.0,-1.69,-10550.0,522.0
70.0,-1.69,-10475.0,522.0
70.0,-1.69,-9970.0,522.0
70.0,-1.69,-10497.0,522.0
70.0,-1.69,-9812.0,522.0
70.0,-1.69,-9649.0,522.0
70.0,-1.69,-9612.0,522.0
70.0,-1.69,-9969.0,522.0
70.0,-1.69,-9984.0,522.0
70.0,-1.69,-9551.0,522.0
70.0,-1.69,-9446.0,522.0
70.0,-1.69,-9117.0,522.0
70.0,-1.69,-8896.0,522.0
70.0,-1.69,-8645.0,523.0
70.0,-1.69,-9784.0,522.0
70.0,-1.69,-9483.0,522.0
60.0,-15.19,-102254.0,478.0
60.0,-15.19,-101485.0,479.0
60.0,-15.13,-101600.0,479.0
60.0,-15.13,-101013.0,478.0
60.0,-15.13,-100488.0,479.0
60.0,-15.13,-99963.0,478.0
60.0,-15.13,-98902.0,479.0
60.0,-15.13,-99545.0,478.0
60.0,-15.13,-100206.0,479.0
60.0,-15.13,-99449.0,479.0
60.0,-15.13,-99508.0,479.0
60.0,-15.13,-100213.0,479.0
60.0,-15.13,-99928.0,479.0
60.0,-15.13,-98665.0,479.0
60.0,-15.13,-98972.0,479.0
60.0,-15.13,-99029.0,478.0
60.0,-15.13,-99182.0,478.0
60.0,-15.13,-99375.0,479.0
60.0,-15.13,-98824.0,479.0
60.0,-15.13,-97409.0,479.0
60.0,-15.13,-97516.0,479.0
60.0,-15.13,-97841.0,479.0
60.0,-15.13,-98402.0,478.0
60.0,-15.13,-97959.0,479.0
60.0,-15.13,-97894.0,479.0
60.0,-15.13,-96667.0,479.0
60.0,-15.13,-97506.0,479.0
60.0,-15.13,-97071.0,478.0
60.0,-15.13,-97230.0,479.0
60.0,-15.13,-96237.0,479.0
60.0,-15.13,-97654.0,479.0
60.0,-15.13,-97679.0,479.0
60.0,-15.13,-97512.0,479.0
60.0,-15.13,-97159.0,479.0
60.0,-15.13,-96962.0,478.0
60.0,-15.13,-97431.0,479.0
60.0,-15.13,-96848.0,479.0
60.0,-15.13,-96539.0,479.0
60.0,-15.13,-96388.0,479.0
60.0,-15.13,-96301.0,479.0
60.0,-15.13,-96390.0,479.0
60.0,-15.13,-96517.0,479.0
60.0,-15.13,-97244.0,479.0
60.0,-15.13,-97089.0,479.0
60.0,-15.13,-97318.0,479.0
60.0,-15.13,-98253.0,479.0
60.0,-15.13,-98330.0,478.0
60.0,-15.13,-98247.0,478.0
60.0,-15.13,-97898.0,479.0
60.0,-15.13,-97195.0,479.0
50.0,-29.19,-213026.0,433.0
50.0,-29.12,-213819.0,434.0
50.0,-29.06,-213464.0,433.0
50.0,-29.0,-213263.0,433.0
50.0,-29.0,-213422.0,434.0
50.0,-29.0,-213137.0,433.0
50.0,-29.0,-213332.0,434.0
50.0,-29.0,-213147.0,434.0
50.0,-29.0,-213802.0,434.0
50.0,-29.0,-213845.0,434.0
50.0,-29.0,-213466.0,434.0
50.0,-29.0,-213715.0,433.0
50.0,-29.0,-214990.0,433.0
50.0,-29.0,-213861.0,434.0
50.0,-29.0,-213048.0,434.0
50.0,-29.0,-212773.0,433.0
50.0,-29.0,-213188.0,434.0
50.0,-29.0,-213147.0,434.0
50.0,-29.0,-213080.0,433.0
50.0,-29.0,-213157.0,433.0
50.0,-29.0,-213114.0,434.0
50.0,-29.0,-212733.0,434.0
50.0,-29.0,-212234.0,434.0
50.0,-29.0,-212159.0,434.0
50.0,-29.0,-213654.0,434.0
50.0,-29.0,-214645.0,434.0
50.0,-29.0,-214158.0,433.0
50.0,-29.0,-214129.0,433.0
50.0,-29.0,-214254.0,434.0
50.0,-29.0,-213015.0,432.0
50.0,-29.0,-212652.0,434.0
50.0,-29.0,-211455.0,433.0
50.0,-29.0,-211638.0,433.0
50.0,-29.0,-211917.0,434.0
50.0,-29.0,-211472.0,434.0
50.0,-29.0,-209253.0,433.0
50.0,-29.0,-210410.0,433.0
50.0,-29.0,-211183.0,433.0
50.0,-29.0,-211380.0,433.0
50.0,-29.0,-210905.0,433.0
50.0,-29.0,-210428.0,434.0
50.0,-29.0,-210285.0,433.0
50.0,-29.0,-209694.0,433.0
50.0,-29.0,-210793.0,433.0
50.0,-29.0,-212006.0,433.0
50.0,-29.0,-211953.0,434.0
50.0,-29.0,-212004.0,433.0
50.0,-29.0,-211861.0,433.0
50.0,-29.0,-211464.0,433.0
50.0,-29.0,-212233.0,433.0
40.0,-43.56,-348774.0,385.0
40.0,-43.5,-348599.0,385.0
40.0,-43.44,-348688.0,386.0
40.0,-43.44,-348591.0,386.0
40.0,-43.44,-347886.0,386.0
40.0,-43.44,-346857.0,386.0
40.0,-43.44,-346476.0,386.0
40.0,-43.44,-346105.0,385.0
40.0,-43.44,-347130.0,385.0
40.0,-43.44,-348365.0,385.0
40.0,-43.44,-348466.0,386.0
40.0,-43.44,-347651.0,385.0
40.0,-43.44,-347460.0,385.0
40.0,-43.44,-347349.0,385.0
40.0,-43.44,-347592.0,386.0
40.0,-43.44,-346847.0,386.0
40.0,-43.44,-346644.0,386.0
40.0,-43.44,-346253.0,385.0
40.0,-43.44,-348018.0,385.0
40.0,-43.44,-348189.0,385.0
40.0,-43.44,-347666.0,386.0
40.0,-43.44,-347955.0,385.0
40.0,-43.44,-347080.0,385.0
40.0,-43.44,-347455.0,386.0
40.0,-43.44,-346160.0,385.0
40.0,-43.44,-346359.0,386.0
40.0,-43.44,-346412.0,386.0
40.0,-43.44,-346083.0,386.0
40.0,-43.44,-346030.0,385.0
40.0,-43.44,-345721.0,386.0
40.0,-43.44,-346010.0,386.0
40.0,-43.44,-345301.0,386.0
40.0,-43.44,-344892.0,386.0
40.0,-43.44,-344947.0,385.0
40.0,-43.44,-343766.0,386.0
40.0,-43.44,-342951.0,385.0
40.0,-43.44,-342782.0,385.0
40.0,-43.44,-343325.0,385.0
40.0,-43.44,-343236.0,386.0
40.0,-43.44,-343327.0,385.0
40.0,-43.44,-343524.0,385.0
40.0,-43.44,-343801.0,386.0
40.0,-43.44,-343562.0,385.0
40.0,-43.44,-343335.0,385.0
40.0,-43.44,-345374.0,385.0
40.0,-43.44,-345107.0,385.0
40.0,-43.44,-342800.0,385.0
40.0,-43.44,-342025.0,385.0
40.0,-43.44,-343144.0,385.0
40.0,-43.44,-343769.0,386.0
30.0,-57.63,-498380.0,338.0
30.0,-57.56,-498143.0,338.0
30.0,-57.56,-498542.0,338.0
30.0,-57.56,-498023.0,338.0
30.0,-57.56,-497314.0,338.0
30.0,-57.56,-497905.0,338.0
30.0,-57.56,-497910.0,337.0
30.0,-57.56,-498057.0,338.0
30.0,-57.56,-499602.0,338.0
30.0,-57.56,-499673.0,338.0
30.0,-57.56,-499822.0,337.0
30.0,-57.56,-499965.0,337.0
30.0,-57.56,-499790.0,338.0
30.0,-57.56,-499327.0,337.0
30.0,-57.56,-499278.0,338.0
30.0,-57.56,-498885.0,338.0
30.0,-57.56,-499152.0,337.0
30.0,-57.56,-498713.0,337.0
30.0,-57.56,-498582.0,338.0
30.0,-57.56,-498987.0,338.0
30.0,-57.56,-499436.0,337.0
30.0,-57.56,-499717.0,337.0
30.0,-57.56,-500144.0,338.0
30.0,-57.56,-500703.0,338.0
30.0,-57.56,-499916.0,338.0
30.0,-57.56,-499769.0,338.0
30.0,-57.56,-499084.0,337.0
30.0,-57.56,-499641.0,337.0
30.0,-57.56,-499482.0,338.0
30.0,-57.56,-499553.0,338.0
30.0,-57.56,-499154.0,337.0
30.0,-57.56,-498699.0,337.0
30.0,-57.56,-499492.0,337.0
30.0,-57.56,-499457.0,338.0
30.0,-57.56,-498130.0,337.0
30.0,-57.56,-498827.0,338.0
30.0,-57.56,-498858.0,337.0
30.0,-57.56,-499301.0,337.0
30.0,-57.56,-498734.0,338.0
30.0,-57.56,-498041.0,337.0
30.0,-57.56,-498118.0,338.0
30.0,-57.56,-496791.0,338.0
30.0,-57.56,-497244.0,337.0
30.0,-57.56,-498059.0,337.0
30.0,-57.56,-498264.0,337.0
30.0,-57.56,-497921.0,337.0
30.0,-57.56,-498268.0,337.0
30.0,-57.56,-498021.0,338.0
30.0,-57.56,-498230.0,338.0
30.0,-57.56,-498097.0,338.0
20.0,-71.5,-685838.0,291.0
20.0,-71.5,-686717.0,291.0
20.0,-71.5,-688172.0,292.0
20.0,-71.5,-689863.0,291.0
20.0,-71.5,-690736.0,291.0
20.0,-71.5,-690447.0,291.0
20.0,-71.5,-690356.0,291.0
20.0,-71.5,-690521.0,291.0
20.0,-71.5,-689216.0,291.0
20.0,-71.5,-690001.0,291.0
20.0,-71.5,-690284.0,292.0
20.0,-71.5,-689623.0,292.0
20.0,-71.5,-689418.0,291.0
20.0,-71.5,-689875.0,291.0
20.0,-71.5,-690772.0,291.0
20.0,-71.5,-690561.0,291.0
20.0,-71.5,-688416.0,291.0
20.0,-71.5,-689905.0,291.0
20.0,-71.5,-690282.0,291.0
20.0,-71.5,-690779.0,291.0
20.0,-71.5,-691326.0,291.0
20.0,-71.5,-691347.0,291.0
20.0,-71.5,-691402.0,291.0
20.0,-71.5,-691527.0,291.0
20.0,-71.5,-690510.0,291.0
20.0,-71.5,-691439.0,291.0
20.0,-71.5,-691464.0,291.0
20.0,-71.5,-690165.0,291.0
20.0,-71.5,-690536.0,291.0
20.0,-71.5,-691253.0,291.0
20.0,-71.5,-690978.0,291.0
20.0,-71.5,-691327.0,291.0
20.0,-71.5,-691876.0,291.0
20.0,-71.5,-692849.0,290.0
20.0,-71.5,-692844.0,291.0
20.0,-71.5,-692933.0,291.0
20.0,-71.5,-693080.0,291.0
20.0,-71.5,-693409.0,291.0
20.0,-71.5,-691590.0,291.0
20.0,-71.5,-691511.0,291.0
20.0,-71.5,-691504.0,292.0
20.0,-71.5,-691479.0,291.0
20.0,-71.5,-691618.0,291.0
20.0,-71.5,-691159.0,291.0
20.0,-71.5,-690636.0,291.0
20.0,-71.5,-690523.0,291.0
20.0,-71.5,-691574.0,291.0
20.0,-71.5,-691731.0,291.0
20.0,-71.5,-691432.0,291.0
20.0,-71.5,-692281.0,291.0
10.0,-83.75,-991980.0,246.0
10.0,-83.75,-995991.0,246.0
10.0,-83.75,-997616.0,246.0
10.0,-83.75,-1000339.0,245.0
10.0,-83.75,-1001190.0,246.0
10.0,-83.75,-1003373.0,246.0
10.0,-83.75,-1004658.0,246.0
10.0,-83.75,-1005719.0,245.0
10.0,-83.75,-1006606.0,245.0
10.0,-83.75,-1007739.0,246.0
10.0,-83.75,-1008716.0,246.0
10.0,-83.75,-1008533.0,246.0
10.0,-83.75,-1009862.0,246.0
10.0,-83.75,-1009771.0,246.0
10.0,-83.75,-1009834.0,246.0
10.0,-83.75,-1009909.0,246.0
10.0,-83.75,-1010590.0,245.0
10.0,-83.75,-1010731.0,246.0
10.0,-83.75,-1011836.0,245.0
10.0,-83.75,-1012919.0,246.0
10.0,-83.75,-1012352.0,246.0
10.0,-83.75,-1012637.0,246.0
10.0,-83.75,-1012042.0,246.0
10.0,-83.75,-1013011.0,245.0
10.0,-83.75,-1012696.0,246.0
10.0,-83.75,-1013263.0,246.0
10.0,-83.75,-1014308.0,246.0
10.0,-83.75,-1014469.0,245.0
10.0,-83.75,-1014858.0,246.0
10.0,-83.75,-1015951.0,246.0
10.0,-83.75,-1016494.0,246.0
10.0,-83.75,-1019631.0,246.0
10.0,-83.75,-1019592.0,246.0
10.0,-83.75,-1021065.0,246.0
10.0,-83.75,-1020766.0,246.0
10.0,-83.75,-1020991.0,246.0
10.0,-83.75,-1021054.0,246.0
10.0,-83.75,-1022259.0,246.0
10.0,-83.75,-1022510.0,246.0
10.0,-83.75,-1022545.0,246.0
10.0,-83.75,-1023494.0,246.0
10.0,-83.75,-1024025.0,246.0
10.0,-83.75,-1024534.0,246.0
10.0,-83.75,-1024547.0,246.0
10.0,-83.75,-1023094.0,246.0
10.0,-83.75,-1022847.0,246.0
10.0,-83.75,-1023502.0,246.0
10.0,-83.75,-1024219.0,245.0
10.0,-83.75,-1025060.0,246.0
10.0,-83.75,-1025071.0,246.0
20.0,-71.19,-751400.0,289.0
20.0,-71.19,-750691.0,289.0
20.0,-71.19,-750642.0,290.0
20.0,-71.19,-750499.0,289.0
20.0,-71.19,-751122.0,288.0
20.0,-71.19,-750415.0,290.0
20.0,-71.19,-750732.0,289.0
20.0,-71.19,-751071.0,288.0
20.0,-71.19,-750926.0,289.0
20.0,-71.19,-750117.0,289.0
20.0,-71.19,-750534.0,289.0
20.0,-71.19,-752085.0,289.0
20.0,-71.19,-751108.0,289.0
20.0,-71.19,-751573.0,289.0
20.0,-71.19,-751172.0,289.0
20.0,-71.19,-751429.0,289.0
20.0,-71.19,-750738.0,289.0
20.0,-71.19,-750145.0,288.0
20.0,-71.19,-750970.0,288.0
20.0,-71.19,-750009.0,288.0
20.0,-71.19,-750516.0,288.0
20.0,-71.19,-750455.0,288.0
20.0,-71.19,-751144.0,289.0
20.0,-71.19,-751227.0,288.0
20.0,-71.19,-748934.0,289.0
20.0,-71.19,-748679.0,289.0
20.0,-71.19,-750060.0,289.0
20.0,-71.19,-750115.0,289.0
20.0,-71.19,-749694.0,289.0
20.0,-71.19,-749513.0,289.0
20.0,-71.19,-749528.0,289.0
20.0,-71.19,-748805.0,289.0
20.0,-71.19,-748098.0,289.0
20.0,-71.19,-748103.0,288.0
20.0,-71.19,-748776.0,289.0
20.0,-71.19,-748827.0,288.0
20.0,-71.19,-748556.0,289.0
20.0,-71.19,-747293.0,289.0
20.0,-71.19,-747752.0,289.0
20.0,-71.19,-748383.0,289.0
20.0,-71.19,-747198.0,289.0
20.0,-71.19,-747959.0,289.0
20.0,-71.19,-748526.0,288.0
20.0,-71.19,-747925.0,289.0
20.0,-71.19,-748280.0,289.0
20.0,-71.19,-748291.0,288.0
20.0,-71.19,-748450.0,288.0
20.0,-71.19,-748655.0,288.0
20.0,-71.19,-749078.0,289.0
20.0,-71.19,-749501.0,289.0
30.0,-57.25,-561768.0,335.0
30.0,-57.25,-561481.0,335.0
30.0,-57.25,-561734.0,335.0
30.0,-57.25,-562003.0,335.0
30.0,-57.25,-562136.0,335.0
30.0,-57.25,-561859.0,335.0
30.0,-57.25,-562062.0,335.0
30.0,-57.25,-562695.0,336.0
30.0,-57.25,-562700.0,335.0
30.0,-57.25,-562553.0,335.0
30.0,-57.25,-561612.0,335.0
30.0,-57.25,-561733.0,335.0
30.0,-57.25,-562628.0,335.0
30.0,-57.25,-562549.0,335.0
30.0,-57.25,-563024.0,335.0
30.0,-57.25,-563951.0,335.0
30.0,-57.25,-563726.0,335.0
30.0,-57.25,-564115.0,335.0
30.0,-57.25,-564016.0,335.0
30.0,-57.25,-564073.0,335.0
30.0,-57.25,-563512.0,335.0
30.0,-57.25,-562987.0,335.0
30.0,-57.25,-562900.0,335.0
30.0,-57.25,-563425.0,335.0
30.0,-57.25,-563168.0,336.0
30.0,-57.25,-562899.0,335.0
30.0,-57.25,-563434.0,335.0
30.0,-57.25,-564153.0,335.0
30.0,-57.25,-563816.0,335.0
30.0,-57.19,-564439.0,336.0
30.0,-57.06,-563220.0,335.0
30.0,-57.06,-562169.0,336.0
30.0,-57.06,-561822.0,336.0
30.0,-57.06,-561553.0,336.0
30.0,-57.06,-561276.0,336.0
30.0,-57.06,-561663.0,335.0
30.0,-57.06,-562642.0,336.0
30.0,-57.06,-563297.0,336.0
30.0,-57.06,-562330.0,335.0
30.0,-57.06,-563029.0,336.0
30.0,-57.06,-563074.0,336.0
30.0,-57.06,-562621.0,336.0
30.0,-57.06,-562716.0,335.0
30.0,-57.06,-562435.0,335.0
30.0,-57.06,-562804.0,336.0
30.0,-57.06,-563185.0,336.0
30.0,-57.06,-563292.0,335.0
30.0,-57.06,-562951.0,336.0
30.0,-57.06,-562122.0,335.0
30.0,-57.06,-562421.0,336.0
40.0,-43.13,-428898.0,382.0
40.0,-43.13,-427573.0,382.0
40.0,-43.19,-427372.0,381.0
40.0,-43.19,-427047.0,382.0
40.0,-43.19,-427116.0,382.0
40.0,-43.19,-427063.0,382.0
40.0,-43.19,-427262.0,382.0
40.0,-43.19,-427103.0,382.0
40.0,-43.19,-426936.0,382.0
40.0,-43.19,-426121.0,382.0
40.0,-43.19,-427450.0,381.0
40.0,-43.19,-428013.0,382.0
40.0,-43.19,-427582.0,382.0
40.0,-43.19,-427521.0,381.0
40.0,-43.19,-427380.0,382.0
40.0,-43.19,-427227.0,382.0
40.0,-43.19,-427682.0,382.0
40.0,-43.19,-427925.0,382.0
40.0,-43.19,-426960.0,382.0
40.0,-43.19,-426521.0,382.0
40.0,-43.19,-428076.0,382.0
40.0,-43.19,-427707.0,382.0
40.0,-43.19,-426186.0,382.0
40.0,-43.19,-425755.0,382.0
40.0,-43.19,-427132.0,382.0
40.0,-43.19,-427115.0,382.0
40.0,-43.19,-427866.0,382.0
40.0,-43.19,-428307.0,382.0
40.0,-43.19,-428052.0,382.0
40.0,-43.19,-427063.0,382.0
40.0,-43.19,-427096.0,382.0
40.0,-43.19,-428941.0,383.0
40.0,-43.19,-429218.0,382.0
40.0,-43.19,-427681.0,382.0
40.0,-43.19,-427874.0,382.0
40.0,-43.19,-428631.0,382.0
40.0,-43.19,-428484.0,382.0
40.0,-43.19,-428999.0,382.0
40.0,-43.19,-429344.0,382.0
40.0,-43.19,-429345.0,382.0
40.0,-43.19,-428476.0,382.0
40.0,-43.19,-429027.0,382.0
40.0,-43.19,-427160.0,382.0
40.0,-43.19,-427679.0,382.0
40.0,-43.19,-428850.0,382.0
40.0,-43.19,-429243.0,382.0
40.0,-43.19,-428586.0,382.0
40.0,-43.19,-427885.0,382.0
40.0,-43.19,-428404.0,383.0
40.0,-43.19,-428933.0,382.0
50.0,-29.25,-307696.0,428.0
50.0,-29.31,-307595.0,428.0
50.0,-29.31,-306154.0,427.0
50.0,-29.37,-305493.0,428.0
50.0,-29.37,-305572.0,428.0
50.0,-29.44,-305543.0,428.0
50.0,-29.44,-306432.0,428.0
50.0,-29.44,-307585.0,428.0
50.0,-29.44,-307496.0,428.0
50.0,-29.44,-307305.0,428.0
50.0,-29.44,-306834.0,428.0
50.0,-29.44,-305757.0,428.0
50.0,-29.44,-305578.0,428.0
50.0,-29.44,-304527.0,428.0
50.0,-29.44,-305294.0,428.0
50.0,-29.44,-304739.0,428.0
50.0,-29.44,-305278.0,428.0
50.0,-29.44,-305777.0,429.0
50.0,-29.44,-304010.0,429.0
50.0,-29.44,-304073.0,428.0
50.0,-29.44,-303986.0,428.0
50.0,-29.44,-304357.0,429.0
50.0,-29.44,-304954.0,428.0
50.0,-29.44,-304935.0,428.0
50.0,-29.44,-305780.0,427.0
50.0,-29.44,-305953.0,428.0
50.0,-29.44,-305614.0,429.0
50.0,-29.44,-306123.0,428.0
50.0,-29.44,-306370.0,428.0
50.0,-29.44,-306049.0,428.0
50.0,-29.44,-305932.0,428.0
50.0,-29.44,-305147.0,428.0
50.0,-29.44,-306484.0,428.0
50.0,-29.44,-307229.0,428.0
50.0,-29.44,-306514.0,428.0
50.0,-29.44,-306101.0,428.0
50.0,-29.44,-305832.0,428.0
50.0,-29.44,-306385.0,428.0
50.0,-29.44,-306144.0,428.0
50.0,-29.44,-304299.0,428.0
50.0,-29.44,-305406.0,428.0
50.0,-29.44,-306883.0,428.0
50.0,-29.44,-306180.0,429.0
50.0,-29.44,-307999.0,428.0
50.0,-29.44,-308852.0,428.0
50.0,-29.44,-308199.0,428.0
50.0,-29.44,-307842.0,428.0
50.0,-29.44,-308073.0,428.0
50.0,-29.44,-305874.0,428.0
50.0,-29.44,-305831.0,428.0
60.0,-15.38,-169614.0,473.0
60.0,-15.44,-168287.0,473.0
60.0,-15.44,-167234.0,473.0
60.0,-15.5,-167267.0,473.0
60.0,-15.5,-166396.0,472.0
60.0,-15.5,-166329.0,473.0
60.0,-15.5,-165804.0,473.0
60.0,-15.5,-165069.0,473.0
60.0,-15.5,-164816.0,473.0
60.0,-15.5,-164537.0,473.0
60.0,-15.5,-165466.0,473.0
60.0,-15.5,-165465.0,473.0
60.0,-15.5,-164298.0,473.0
60.0,-15.5,-163661.0,473.0
60.0,-15.5,-163384.0,473.0
60.0,-15.5,-165003.0,473.0
60.0,-15.5,-165030.0,473.0
60.0,-15.5,-163957.0,474.0
60.0,-15.38,-162684.0,474.0
60.0,-15.38,-162133.0,474.0
60.0,-15.38,-162658.0,473.0
60.0,-15.38,-163521.0,474.0
60.0,-15.38,-163720.0,474.0
60.0,-15.38,-164277.0,474.0
60.0,-15.38,-165206.0,474.0
60.0,-15.38,-164907.0,474.0
60.0,-15.38,-164148.0,474.0
60.0,-15.38,-163177.0,473.0
60.0,-15.38,-163004.0,474.0
60.0,-15.38,-162821.0,474.0
60.0,-15.38,-163572.0,474.0
60.0,-15.38,-163543.0,474.0
60.0,-15.38,-161724.0,473.0
60.0,-15.38,-162139.0,474.0
60.0,-15.38,-161648.0,474.0
60.0,-15.38,-161681.0,474.0
60.0,-15.38,-161466.0,474.0
60.0,-15.38,-161161.0,474.0
60.0,-15.38,-160560.0,473.0
60.0,-15.38,-161613.0,474.0
60.0,-15.38,-162128.0,474.0
60.0,-15.38,-161243.0,474.0
60.0,-15.38,-161640.0,474.0
60.0,-15.38,-161257.0,473.0
60.0,-15.38,-161272.0,473.0
60.0,-15.38,-160483.0,474.0
60.0,-15.38,-159598.0,473.0
60.0,-15.38,-160181.0,474.0
60.0,-15.38,-160992.0,474.0
60.0,-15.38,-162639.0,473.0
70.0,-1.94,-78162.0,517.0
70.0,-1.94,-79307.0,516.0
70.0,-2.0,-79842.0,517.0
70.0,-2.06,-79109.0,515.0
70.0,-2.06,-78058.0,517.0
70.0,-2.06,-77647.0,516.0
70.0,-2.06,-79524.0,517.0
70.0,-2.06,-79263.0,516.0
70.0,-2.06,-78866.0,516.0
70.0,-2.06,-79025.0,516.0
70.0,-2.06,-79668.0,516.0
70.0,-2.06,-79403.0,516.0
70.0,-2.06,-78952.0,516.0
70.0,-2.06,-78721.0,516.0
70.0,-2.06,-79066.0,517.0
70.0,-2.06,-78587.0,517.0
70.0,-2.06,-78182.0,517.0
70.0,-2.06,-78129.0,516.0
70.0,-2.06,-76788.0,516.0
70.0,-2.06,-76999.0,516.0
70.0,-2.06,-77680.0,516.0
70.0,-2.06,-76999.0,516.0
70.0,-2.06,-77010.0,516.0
70.0,-2.06,-76809.0,516.0
70.0,-2.06,-76830.0,516.0
70.0,-2.06,-75117.0,516.0
70.0,-2.06,-75162.0,516.0
70.0,-2.06,-75795.0,516.0
70.0,-2.06,-76072.0,516.0
70.0,-2.06,-76753.0,516.0
70.0,-2.06,-77048.0,516.0
70.0,-2.06,-78075.0,517.0
70.0,-2.06,-78908.0,516.0
70.0,-2.06,-76941.0,517.0
70.0,-2.06,-76670.0,516.0
70.0,-2.06,-77931.0,516.0
70.0,-2.06,-77364.0,516.0
70.0,-2.06,-77265.0,516.0
70.0,-2.06,-77340.0,516.0
70.0,-2.06,-76999.0,516.0
70.0,-2.06,-77022.0,516.0
70.0,-2.06,-76953.0,516.0
70.0,-2.06,-76386.0,516.0
70.0,-2.06,-76907.0,516.0
70.0,-2.06,-76430.0,516.0
70.0,-2.06,-76717.0,517.0
70.0,-2.06,-78098.0,516.0
70.0,-2.06,-77765.0,516.0
70.0,-2.06,-77374.0,516.0
70.0,-2.06,-77617.0,516.0
70.0,-2.06,-77102.0,516.0
70.0,-2.06,-77759.0,517.0
70.0,-2.06,-76766.0,516.0
70.0,-2.06,-77667.0,516.0
70.0,-2.06,-78014.0,516.0
70.0,-2.06,-77545.0,517.0
70.0,-2.06,-77898.0,516.0
70.0,-2.06,-77605.0,516.0
70.0,-2.06,-77376.0,516.0
70.0,-2.06,-77683.0,517.0
70.0,-2.0,-78076.0,516.0
70.0,-2.0,-76481.0,516.0
70.0,-2.0,-76904.0,516.0
70.0,-2.0,-77561.0,516.0
70.0,-2.0,-77498.0,516.0
70.0,-2.0,-78467.0,517.0
70.0,-2.0,-77876.0,517.0
70.0,-2.0,-77377.0,517.0
70.0,-2.0,-78780.0,516.0
70.0,-2.0,-78581.0,516.0
70.0,-2.0,-78240.0,516.0
70.0,-2.0,-77657.0,517.0
70.0,-2.0,-78100.0,516.0
70.0,-2.0,-78403.0,516.0
70.0,-2.0,-78784.0,516.0
70.0,-2.0,-78723.0,516.0
70.0,-2.0,-79658.0,516.0
70.0,-2.0,-79041.0,516.0
70.0,-2.0,-78366.0,516.0
70.0,-2.0,-78977.0,517.0
70.0,-2.0,-80120.0,516.0
70.0,-2.0,-79455.0,516.0
70.0,-2.0,-78690.0,516.0
70.0,-2.0,-78449.0,517.0
70.0,-2.0,-77990.0,516.0
70.0,-2.0,-77981.0,516.0
70.0,-2.0,-78038.0,515.0
70.0,-2.0,-77625.0,516.0
70.0,-2.0,-77966.0,516.0
70.0,-2.0,-78015.0,517.0
70.0,-2.0,-78458.0,517.0
70.0,-2.0,-78079.0,516.0
70.0,-2.0,-77670.0,516.0
70.0,-2.0,-77049.0,517.0
70.0,-2.0,-77126.0,516.0
70.0,-2.0,-78331.0,516.0
70.0,-2.0,-78444.0,516.0
70.0,-2.0,-78791.0,517.0
70.0,-2.0,-78890.0,517.0
70.0,-2.0,-77927.0,517.0
60.0,-14.06,-144082.0,478.0
60.0,-14.13,-144561.0,478.0
60.0,-14.13,-144022.0,479.0
60.0,-14.19,-144039.0,478.0
60.0,-14.19,-144592.0,479.0
60.0,-14.19,-144883.0,478.0
60.0,-14.19,-145892.0,479.0
60.0,-14.19,-145845.0,478.0
60.0,-14.19,-144984.0,478.0
60.0,-14.19,-144893.0,479.0
60.0,-14.19,-145588.0,478.0
60.0,-14.19,-144833.0,479.0
60.0,-14.19,-143974.0,479.0
60.0,-14.19,-144707.0,478.0
60.0,-14.19,-144792.0,479.0
60.0,-14.19,-145495.0,478.0
60.0,-14.19,-145146.0,478.0
60.0,-14.19,-144543.0,478.0
60.0,-14.19,-144832.0,478.0
60.0,-14.19,-143109.0,479.0
60.0,-14.19,-142288.0,478.0
60.0,-14.19,-142793.0,478.0
60.0,-14.19,-144084.0,478.0
60.0,-14.19,-144549.0,478.0
60.0,-14.19,-145834.0,478.0
60.0,-14.19,-144985.0,478.0
60.0,-14.19,-144154.0,479.0
60.0,-14.19,-143879.0,478.0
60.0,-14.19,-144916.0,478.0
60.0,-14.19,-144211.0,479.0
60.0,-14.19,-145408.0,479.0
60.0,-14.19,-144499.0,478.0
60.0,-14.19,-143610.0,478.0
60.0,-14.19,-144171.0,478.0
60.0,-14.19,-144142.0,479.0
60.0,-14.19,-144027.0,478.0
60.0,-14.19,-143346.0,479.0
60.0,-14.19,-143389.0,479.0
60.0,-14.19,-143216.0,478.0
60.0,-14.19,-143841.0,483.0
60.0,-13.13,-143636.0,477.0
60.0,-14.31,-141503.0,478.0
60.0,-14.31,-145722.0,477.0
60.0,-14.31,-146359.0,477.0
60.0,-14.31,-145642.0,478.0
60.0,-14.31,-145783.0,478.0
60.0,-14.31,-145564.0,478.0
60.0,-14.31,-144701.0,478.0
60.0,-14.31,-145550.0,477.0
60.0,-14.31,-145379.0,478.0
50.0,-28.25,-266818.0,434.0
50.0,-28.25,-268345.0,434.0
50.0,-28.25,-266900.0,434.0
50.0,-28.25,-266271.0,434.0
50.0,-28.25,-265382.0,434.0
50.0,-28.25,-264627.0,434.0
50.0,-28.25,-266266.0,434.0
50.0,-28.25,-267427.0,434.0
50.0,-28.25,-268402.0,434.0
50.0,-28.25,-268211.0,434.0
50.0,-28.25,-267728.0,434.0
50.0,-28.25,-268293.0,433.0
50.0,-28.25,-268248.0,434.0
50.0,-28.25,-268461.0,434.0
50.0,-28.25,-268914.0,434.0
50.0,-28.25,-268911.0,434.0
50.0,-28.25,-267724.0,434.0
50.0,-28.25,-267275.0,433.0
50.0,-28.25,-266914.0,434.0
50.0,-28.25,-267303.0,434.0
50.0,-28.25,-267714.0,434.0
50.0,-28.25,-268659.0,434.0
50.0,-28.25,-268528.0,434.0
50.0,-28.25,-266613.0,434.0
50.0,-28.25,-266436.0,434.0
50.0,-28.25,-265463.0,434.0
50.0,-28.25,-265802.0,434.0
50.0,-28.25,-265947.0,434.0
50.0,-28.25,-266220.0,434.0
50.0,-28.25,-266579.0,434.0
50.0,-28.25,-265714.0,434.0
50.0,-28.25,-266091.0,434.0
50.0,-28.25,-266834.0,434.0
50.0,-28.25,-266961.0,434.0
50.0,-28.25,-266642.0,433.0
50.0,-28.25,-266123.0,433.0
50.0,-28.25,-266566.0,433.0
50.0,-28.25,-267229.0,434.0
50.0,-28.25,-266342.0,434.0
50.0,-28.25,-266799.0,434.0
50.0,-28.25,-265454.0,434.0
50.0,-28.25,-264487.0,434.0
50.0,-28.25,-265160.0,434.0
50.0,-28.25,-265111.0,433.0
50.0,-28.25,-264696.0,434.0
50.0,-28.25,-264481.0,434.0
50.0,-28.25,-263002.0,434.0
50.0,-28.25,-262575.0,434.0
50.0,-28.25,-263126.0,433.0
50.0,-28.25,-262857.0,433.0
40.0,-43.44,-399560.0,385.0
40.0,-43.44,-400253.0,386.0
40.0,-43.44,-399968.0,385.0
40.0,-43.44,-399695.0,385.0
40.0,-43.44,-399314.0,385.0
40.0,-43.44,-398465.0,385.0
40.0,-43.44,-398044.0,385.0
40.0,-43.44,-398587.0,385.0
40.0,-43.44,-398690.0,385.0
40.0,-43.44,-398895.0,385.0
40.0,-43.44,-397744.0,385.0
40.0,-43.44,-398187.0,385.0
40.0,-43.44,-397982.0,385.0
40.0,-43.44,-397181.0,385.0
40.0,-43.44,-397638.0,385.0
40.0,-43.44,-397741.0,385.0
40.0,-43.44,-397532.0,385.0
40.0,-43.44,-397979.0,385.0
40.0,-43.44,-398608.0,385.0
40.0,-43.44,-398059.0,385.0
40.0,-43.44,-397952.0,385.0
40.0,-43.44,-398427.0,385.0
40.0,-43.44,-398760.0,385.0
40.0,-43.44,-398885.0,385.0
40.0,-43.44,-397846.0,385.0
40.0,-43.44,-397387.0,385.0
40.0,-43.44,-396036.0,384.0
40.0,-43.44,-395637.0,385.0
40.0,-43.44,-394870.0,385.0
40.0,-43.44,-395587.0,384.0
40.0,-43.44,-396422.0,385.0
40.0,-43.44,-396241.0,385.0
40.0,-43.44,-398012.0,385.0
40.0,-43.44,-397765.0,385.0
40.0,-43.44,-397306.0,385.0
40.0,-43.44,-396461.0,385.0
40.0,-43.44,-395282.0,385.0
40.0,-43.44,-394039.0,385.0
40.0,-43.44,-394170.0,385.0
40.0,-43.44,-394755.0,385.0
40.0,-43.44,-394524.0,385.0
40.0,-43.44,-393661.0,385.0
40.0,-43.44,-393658.0,385.0
40.0,-43.44,-393841.0,385.0
40.0,-43.44,-394414.0,385.0
40.0,-43.44,-394917.0,385.0
40.0,-43.44,-395138.0,385.0
40.0,-43.44,-396047.0,385.0
40.0,-43.44,-395848.0,385.0
40.0,-43.44,-395027.0,385.0
30.0,-58.06,-551124.0,337.0
30.0,-58.06,-551491.0,337.0
30.0,-58.06,-552400.0,336.0
30.0,-58.06,-552759.0,337.0
30.0,-58.06,-552498.0,337.0
30.0,-58.06,-552559.0,337.0
30.0,-58.06,-553058.0,337.0
30.0,-58.06,-552475.0,336.0
30.0,-58.06,-552730.0,337.0
30.0,-58.06,-551689.0,337.0
30.0,-58.06,-551452.0,337.0
30.0,-58.06,-550975.0,336.0
30.0,-58.06,-550572.0,337.0
30.0,-58.06,-550575.0,337.0
30.0,-58.06,-550914.0,337.0
30.0,-58.06,-551561.0,337.0
30.0,-58.06,-551434.0,336.0
30.0,-58.06,-552151.0,337.0
30.0,-58.06,-552184.0,337.0
30.0,-58.06,-550589.0,337.0
30.0,-58.0,-551070.0,337.0
30.0,-57.94,-551513.0,337.0
30.0,-57.94,-551404.0,336.0
30.0,-57.88,-550583.0,337.0
30.0,-57.88,-551642.0,337.0
30.0,-57.81,-552485.0,337.0
30.0,-57.81,-552600.0,336.0
30.0,-57.81,-551863.0,337.0
30.0,-57.81,-550670.0,337.0
30.0,-57.81,-551011.0,337.0
30.0,-57.81,-551140.0,337.0
30.0,-57.81,-550465.0,337.0
30.0,-57.81,-551716.0,337.0
30.0,-57.81,-551887.0,336.0
30.0,-57.81,-550022.0,337.0
30.0,-57.81,-549763.0,337.0
30.0,-57.81,-548546.0,337.0
30.0,-57.81,-549009.0,337.0
30.0,-57.81,-549866.0,337.0
30.0,-57.81,-549455.0,337.0
30.0,-57.81,-549448.0,337.0
30.0,-57.81,-549301.0,337.0
30.0,-57.81,-548704.0,337.0
30.0,-57.81,-548543.0,337.0
30.0,-57.81,-549134.0,338.0
30.0,-57.81,-549129.0,337.0
30.0,-57.81,-549514.0,336.0
30.0,-57.81,-548211.0,337.0
30.0,-57.81,-548194.0,337.0
30.0,-57.81,-549035.0,337.0
20.0,-71.87,-744940.0,290.0
20.0,-71.87,-745273.0,291.0
20.0,-71.87,-745432.0,290.0
20.0,-71.87,-745233.0,290.0
20.0,-71.87,-747552.0,291.0
20.0,-71.87,-747957.0,290.0
20.0,-71.87,-746710.0,290.0
20.0,-71.87,-747579.0,290.0
20.0,-71.87,-748116.0,290.0
20.0,-71.75,-747909.0,291.0
20.0,-71.69,-748016.0,291.0
20.0,-71.69,-747727.0,291.0
20.0,-71.62,-747222.0,290.0
20.0,-71.56,-746771.0,291.0
20.0,-71.56,-746908.0,290.0
20.0,-71.5,-746541.0,291.0
20.0,-71.5,-746454.0,291.0
20.0,-71.5,-745553.0,290.0
20.0,-71.5,-745752.0,291.0
20.0,-71.5,-746363.0,290.0
20.0,-71.5,-746382.0,290.0
20.0,-71.5,-746733.0,290.0
20.0,-71.5,-746354.0,291.0
20.0,-71.5,-747693.0,290.0
20.0,-71.5,-748428.0,291.0
20.0,-71.5,-746353.0,290.0
20.0,-71.5,-746922.0,291.0
20.0,-71.5,-746787.0,290.0
20.0,-71.5,-746624.0,290.0
20.0,-71.5,-748323.0,291.0
20.0,-71.5,-748634.0,290.0
20.0,-71.5,-747535.0,290.0
20.0,-71.5,-748926.0,290.0
20.0,-71.5,-748573.0,290.0
20.0,-71.5,-747460.0,291.0
20.0,-71.5,-747387.0,291.0
20.0,-71.5,-746410.0,290.0
20.0,-71.5,-746751.0,290.0
20.0,-71.5,-747796.0,291.0
20.0,-71.5,-748189.0,290.0
20.0,-71.5,-747756.0,291.0
20.0,-71.5,-748251.0,291.0
20.0,-71.5,-747426.0,290.0
20.0,-71.5,-746719.0,291.0
20.0,-71.5,-746390.0,290.0
20.0,-71.5,-747117.0,290.0
20.0,-71.5,-747106.0,290.0
20.0,-71.5,-747319.0,290.0
20.0,-71.5,-747326.0,291.0
20.0,-71.5,-747637.0,291.0
10.0,-84.56,-1068870.0,245.0
10.0,-84.5,-1072517.0,246.0
10.0,-84.5,-1073648.0,246.0
10.0,-84.5,-1075211.0,246.0
10.0,-84.5,-1075810.0,245.0
10.0,-84.5,-1078103.0,246.0
10.0,-84.5,-1079022.0,246.0
10.0,-84.5,-1081403.0,246.0
10.0,-84.5,-1082390.0,246.0
10.0,-84.5,-1083129.0,246.0
10.0,-84.5,-1082488.0,246.0
10.0,-84.5,-1083439.0,246.0
10.0,-84.5,-1083982.0,246.0
10.0,-84.5,-1084581.0,246.0
10.0,-84.5,-1086090.0,246.0
10.0,-84.5,-1086057.0,246.0
10.0,-84.5,-1086770.0,245.0
10.0,-84.5,-1085571.0,246.0
10.0,-84.5,-1085176.0,246.0
10.0,-84.5,-1086043.0,246.0
10.0,-84.5,-1087282.0,246.0
10.0,-84.5,-1088107.0,246.0
10.0,-84.5,-1087550.0,246.0
10.0,-84.5,-1087607.0,245.0
10.0,-84.5,-1088938.0,246.0
10.0,-84.5,-1089253.0,246.0
10.0,-84.5,-1089840.0,246.0
10.0,-84.5,-1090095.0,245.0
10.0,-84.5,-1090616.0,245.0
10.0,-84.5,-1089919.0,246.0
10.0,-84.5,-1090198.0,246.0
10.0,-84.5,-1089407.0,246.0
10.0,-84.5,-1090024.0,245.0
10.0,-84.5,-1090929.0,247.0
10.0,-84.5,-1091116.0,246.0
10.0,-84.5,-1091323.0,246.0
10.0,-84.5,-1090376.0,246.0
10.0,-84.5,-1091009.0,246.0
10.0,-84.5,-1091548.0,246.0
10.0,-84.5,-1091651.0,246.0
10.0,-84.5,-1091258.0,246.0
10.0,-84.5,-1090919.0,245.0
10.0,-84.5,-1091650.0,246.0
10.0,-84.5,-1091873.0,246.0
10.0,-84.5,-1092838.0,245.0
10.0,-84.5,-1092471.0,246.0
10.0,-84.5,-1093822.0,245.0
10.0,-84.5,-1094107.0,246.0
10.0,-84.5,-1093908.0,246.0
10.0,-84.5,-1093363.0,245.0
20.0,-71.87,-821792.0,289.0
20.0,-71.87,-821243.0,289.0
20.0,-71.81,-821676.0,289.0
20.0,-71.81,-821445.0,289.0
20.0,-71.81,-820392.0,289.0
20.0,-71.81,-820161.0,289.0
20.0,-71.81,-820002.0,289.0
20.0,-71.81,-819823.0,289.0
20.0,-71.81,-820268.0,289.0
20.0,-71.81,-820717.0,288.0
20.0,-71.81,-820770.0,289.0
20.0,-71.81,-820499.0,288.0
20.0,-71.81,-819676.0,289.0
20.0,-71.81,-820199.0,288.0
20.0,-71.81,-819764.0,289.0
20.0,-71.81,-820241.0,288.0
20.0,-71.81,-819472.0,288.0
20.0,-71.81,-819085.0,289.0
20.0,-71.81,-819030.0,289.0
20.0,-71.81,-819835.0,289.0
20.0,-71.81,-819616.0,289.0
20.0,-71.81,-819079.0,288.0
20.0,-71.81,-819130.0,288.0
20.0,-71.81,-820481.0,288.0
20.0,-71.81,-819558.0,288.0
20.0,-71.81,-819297.0,288.0
20.0,-71.81,-819298.0,288.0
20.0,-71.81,-820153.0,288.0
20.0,-71.81,-820440.0,289.0
20.0,-71.81,-820217.0,288.0
20.0,-71.81,-818892.0,288.0
20.0,-71.81,-819291.0,288.0
20.0,-71.81,-819290.0,289.0
20.0,-71.81,-818607.0,289.0
20.0,-71.81,-817786.0,288.0
20.0,-71.81,-817881.0,288.0
20.0,-71.81,-818048.0,289.0
20.0,-71.81,-819305.0,289.0
20.0,-71.81,-819138.0,289.0
20.0,-71.81,-819093.0,289.0
20.0,-71.81,-818548.0,288.0
20.0,-71.81,-818811.0,288.0
20.0,-71.81,-819520.0,289.0
20.0,-71.81,-818833.0,289.0
20.0,-71.81,-818280.0,288.0
20.0,-71.81,-817967.0,289.0
20.0,-71.81,-817930.0,289.0
20.0,-71.81,-818029.0,288.0
20.0,-71.81,-817944.0,289.0
20.0,-71.81,-816993.0,288.0
30.0,-57.75,-632950.0,335.0
30.0,-57.75,-633293.0,335.0
30.0,-57.75,-633702.0,336.0
30.0,-57.75,-633901.0,335.0
30.0,-57.75,-633830.0,335.0
30.0,-57.75,-634163.0,335.0
30.0,-57.75,-634738.0,335.0
30.0,-57.75,-634549.0,335.0
30.0,-57.75,-634672.0,336.0
30.0,-57.75,-634665.0,335.0
30.0,-57.75,-633802.0,335.0
30.0,-57.75,-633513.0,335.0
30.0,-57.75,-633184.0,335.0
30.0,-57.75,-633357.0,335.0
30.0,-57.75,-634362.0,335.0
30.0,-57.75,-634101.0,336.0
30.0,-57.75,-633698.0,334.0
30.0,-57.75,-634363.0,334.0
30.0,-57.75,-634394.0,335.0
30.0,-57.75,-632763.0,335.0
30.0,-57.75,-632908.0,335.0
30.0,-57.75,-633563.0,335.0
30.0,-57.75,-632806.0,336.0
30.0,-57.75,-632471.0,335.0
30.0,-57.75,-632382.0,335.0
30.0,-57.75,-634325.0,336.0
30.0,-57.75,-634554.0,335.0
30.0,-57.75,-634383.0,336.0
30.0,-57.75,-633746.0,335.0
30.0,-57.75,-633853.0,335.0
30.0,-57.75,-634538.0,335.0
30.0,-57.75,-635481.0,335.0
30.0,-57.75,-636158.0,336.0
30.0,-57.75,-635679.0,335.0
30.0,-57.75,-634166.0,335.0
30.0,-57.75,-633883.0,335.0
30.0,-57.75,-634004.0,335.0
30.0,-57.75,-634879.0,335.0
30.0,-57.75,-634790.0,336.0
30.0,-57.75,-634677.0,335.0
30.0,-57.75,-633302.0,335.0
30.0,-57.75,-632097.0,335.0
30.0,-57.75,-631826.0,335.0
30.0,-57.75,-632009.0,335.0
30.0,-57.75,-630538.0,335.0
30.0,-57.75,-631617.0,336.0
30.0,-57.75,-632812.0,335.0
30.0,-57.75,-632109.0,336.0
30.0,-57.75,-631834.0,335.0
30.0,-57.75,-630793.0,335.0
40.0,-43.69,-492254.0,381.0
40.0,-43.69,-492853.0,381.0
40.0,-43.69,-492738.0,382.0
40.0,-43.69,-492929.0,381.0
40.0,-43.69,-492922.0,382.0
40.0,-43.69,-493405.0,382.0
40.0,-43.69,-493936.0,381.0
40.0,-43.69,-493061.0,381.0
40.0,-43.69,-492908.0,381.0
40.0,-43.69,-492689.0,382.0
40.0,-43.69,-493018.0,381.0
40.0,-43.69,-493357.0,381.0
40.0,-43.69,-493362.0,381.0
40.0,-43.69,-493097.0,381.0
40.0,-43.69,-494176.0,381.0
40.0,-43.69,-493995.0,381.0
40.0,-43.69,-493510.0,381.0
40.0,-43.69,-493615.0,381.0
40.0,-43.69,-493036.0,381.0
40.0,-43.69,-493253.0,381.0
40.0,-43.69,-492394.0,382.0
40.0,-43.69,-491931.0,381.0
40.0,-43.69,-492160.0,381.0
40.0,-43.69,-490221.0,381.0
40.0,-43.69,-490372.0,382.0
40.0,-43.69,-490135.0,382.0
40.0,-43.69,-489988.0,381.0
40.0,-43.69,-491709.0,382.0
40.0,-43.69,-491826.0,382.0
40.0,-43.69,-490885.0,382.0
40.0,-43.69,-490836.0,381.0
40.0,-43.69,-491501.0,382.0
40.0,-43.69,-491062.0,381.0
40.0,-43.69,-490699.0,382.0
40.0,-43.69,-491522.0,382.0
40.0,-43.69,-492437.0,381.0
40.0,-43.69,-492722.0,382.0
40.0,-43.69,-491963.0,381.0
40.0,-43.69,-492008.0,381.0
40.0,-43.69,-492455.0,382.0
40.0,-43.69,-491288.0,381.0
40.0,-43.69,-491113.0,381.0
40.0,-43.69,-490962.0,381.0
40.0,-43.69,-491145.0,381.0
40.0,-43.69,-491880.0,382.0
40.0,-43.69,-491827.0,381.0
40.0,-43.69,-491076.0,381.0
40.0,-43.69,-491019.0,381.0
40.0,-43.69,-491228.0,382.0
40.0,-43.69,-490785.0,381.0
50.0,-29.81,-357026.0,429.0
50.0,-29.75,-356553.0,428.0
50.0,-29.75,-357392.0,428.0
50.0,-29.75,-357475.0,428.0
50.0,-29.75,-357226.0,428.0
50.0,-29.75,-355723.0,428.0
50.0,-29.75,-355638.0,433.0
50.0,-28.12,-352461.0,433.0
50.0,-28.12,-343294.0,433.0
50.0,-28.12,-341317.0,433.0
50.0,-28.12,-340430.0,433.0
50.0,-28.12,-339177.0,433.0
50.0,-28.12,-339228.0,434.0
50.0,-28.12,-338777.0,434.0
50.0,-28.12,-338402.0,433.0
50.0,-28.12,-338497.0,433.0
50.0,-28.12,-338308.0,433.0
50.0,-28.12,-339403.0,433.0
50.0,-28.12,-337908.0,433.0
50.0,-28.12,-338729.0,433.0
50.0,-28.12,-339688.0,433.0
50.0,-28.12,-338955.0,433.0
50.0,-28.12,-339288.0,433.0
50.0,-28.12,-340099.0,433.0
50.0,-28.12,-339862.0,433.0
50.0,-28.12,-339429.0,433.0
50.0,-28.12,-339220.0,432.0
50.0,-28.12,-339895.0,433.0
50.0,-28.12,-340098.0,433.0
50.0,-28.12,-340767.0,433.0
50.0,-28.12,-341348.0,433.0
50.0,-28.12,-341709.0,433.0
50.0,-28.12,-341306.0,433.0
50.0,-28.12,-341351.0,433.0
50.0,-28.12,-340636.0,433.0
50.0,-28.12,-338941.0,433.0
50.0,-28.12,-339070.0,434.0
50.0,-28.12,-338127.0,433.0
50.0,-28.12,-338088.0,433.0
50.0,-28.12,-337607.0,434.0
50.0,-28.12,-337092.0,434.0
50.0,-28.12,-335935.0,433.0
50.0,-28.12,-336144.0,434.0
50.0,-28.12,-337077.0,434.0
50.0,-28.12,-336500.0,433.0
50.0,-28.12,-337513.0,433.0
50.0,-28.12,-338534.0,433.0
50.0,-28.12,-339705.0,433.0
50.0,-28.12,-338632.0,434.0
50.0,-28.12,-338465.0,433.0
60.0,-15.56,-217956.0,473.0
60.0,-15.56,-216673.0,473.0
60.0,-15.56,-216704.0,473.0
60.0,-15.56,-216553.0,473.0
60.0,-15.56,-215666.0,473.0
60.0,-15.56,-215555.0,473.0
60.0,-15.56,-215382.0,473.0
60.0,-15.56,-215795.0,473.0
60.0,-15.56,-215372.0,473.0
60.0,-15.56,-215149.0,473.0
60.0,-15.56,-215692.0,473.0
60.0,-15.56,-215715.0,473.0
60.0,-15.56,-215854.0,473.0
60.0,-15.56,-215517.0,473.0
60.0,-15.56,-215742.0,473.0
60.0,-15.56,-215813.0,473.0
60.0,-15.56,-215856.0,473.0
60.0,-15.56,-215233.0,473.0
60.0,-15.56,-216052.0,473.0
60.0,-15.56,-216813.0,473.0
60.0,-15.56,-216664.0,473.0
60.0,-15.56,-215943.0,473.0
60.0,-15.56,-215458.0,473.0
60.0,-15.56,-214713.0,473.0
60.0,-15.56,-214484.0,473.0
60.0,-15.56,-215665.0,473.0
60.0,-15.56,-216354.0,473.0
60.0,-15.56,-216001.0,473.0
60.0,-15.56,-215868.0,473.0
60.0,-15.56,-215589.0,473.0
60.0,-15.56,-215690.0,473.0
60.0,-15.56,-216091.0,473.0
60.0,-15.56,-215182.0,472.0
60.0,-15.56,-215297.0,473.0
60.0,-15.56,-214650.0,473.0
60.0,-15.56,-214739.0,473.0
60.0,-15.56,-213400.0,473.0
60.0,-15.56,-212923.0,473.0
60.0,-15.56,-213542.0,473.0
60.0,-15.56,-213841.0,473.0
60.0,-15.56,-213684.0,473.0
60.0,-15.56,-212747.0,473.0
60.0,-15.56,-212520.0,472.0
60.0,-15.56,-211431.0,473.0
60.0,-15.56,-211856.0,473.0
60.0,-15.56,-213111.0,473.0
60.0,-15.56,-212344.0,473.0
60.0,-15.44,-211909.0,473.0
60.0,-15.5,-211102.0,473.0
60.0,-15.56,-211345.0,473.0
70.0,-2.06,-104140.0,516.0
70.0,-2.13,-104451.0,516.0
70.0,-2.19,-104172.0,516.0
70.0,-2.19,-105057.0,516.0
70.0,-2.25,-104916.0,516.0
70.0,-2.25,-103379.0,516.0
70.0,-2.25,-104068.0,516.0
70.0,-2.25,-103215.0,517.0
70.0,-2.25,-102208.0,516.0
70.0,-2.25,-102317.0,516.0
70.0,-2.25,-103676.0,516.0
70.0,-2.25,-104097.0,516.0
70.0,-2.25,-104308.0,517.0
70.0,-2.25,-104253.0,517.0
70.0,-2.25,-104668.0,517.0
70.0,-2.25,-105017.0,516.0
70.0,-2.25,-103462.0,516.0
70.0,-2.25,-103017.0,516.0
70.0,-2.25,-103648.0,516.0
70.0,-2.25,-103059.0,517.0
70.0,-2.25,-102716.0,516.0
70.0,-2.25,-102763.0,516.0
70.0,-2.25,-103132.0,517.0
70.0,-2.25,-102791.0,516.0
70.0,-2.25,-102928.0,516.0
70.0,-2.25,-102349.0,516.0
70.0,-2.25,-101788.0,516.0
70.0,-2.25,-102117.0,516.0
70.0,-2.25,-102252.0,516.0
70.0,-2.25,-101511.0,516.0
70.0,-2.25,-102008.0,516.0
70.0,-2.25,-102779.0,517.0
70.0,-2.25,-102760.0,517.0
70.0,-2.25,-103181.0,516.0
70.0,-2.25,-103550.0,516.0
70.0,-2.25,-104271.0,517.0
70.0,-2.25,-103256.0,516.0
70.0,-2.25,-102279.0,516.0
70.0,-2.25,-101898.0,516.0
70.0,-2.25,-101387.0,516.0
70.0,-2.25,-100226.0,516.0
70.0,-2.25,-100737.0,516.0
70.0,-2.25,-101664.0,516.0
70.0,-2.25,-101835.0,516.0
70.0,-2.25,-100760.0,517.0
70.0,-2.25,-101067.0,516.0
70.0,-2.25,-100198.0,516.0
70.0,-2.25,-101011.0,517.0
70.0,-2.25,-100948.0,516.0
70.0,-2.25,-101789.0,516.0
70.0,-2.25,-103726.0,516.0
70.0,-2.25,-103961.0,516.0
70.0,-2.25,-104180.0,516.0
70.0,-2.25,-103937.0,516.0
70.0,-2.25,-104064.0,517.0
70.0,-2.25,-103351.0,516.0
70.0,-2.25,-103368.0,516.0
70.0,-2.25,-104289.0,516.0
70.0,-2.25,-103638.0,516.0
70.0,-2.25,-103539.0,517.0
70.0,-2.25,-103194.0,516.0
70.0,-2.25,-103819.0,516.0
70.0,-2.25,-103586.0,517.0
70.0,-2.25,-103763.0,516.0
70.0,-2.25,-104120.0,516.0
70.0,-2.25,-103049.0,516.0
70.0,-2.25,-102988.0,516.0
70.0,-2.25,-103607.0,516.0
70.0,-2.25,-101422.0,516.0
70.0,-2.25,-101159.0,516.0
70.0,-2.25,-102488.0,516.0
70.0,-2.25,-101667.0,516.0
70.0,-2.25,-101418.0,517.0
70.0,-2.25,-101123.0,516.0
70.0,-2.25,-99680.0,516.0
70.0,-2.25,-100241.0,516.0
70.0,-2.25,-101220.0,516.0
70.0,-2.25,-102221.0,516.0
70.0,-2.25,-102718.0,516.0
70.0,-2.25,-103083.0,516.0
70.0,-2.25,-103744.0,516.0
70.0,-2.25,-104349.0,516.0
70.0,-2.25,-103692.0,517.0
70.0,-2.25,-102199.0,516.0
70.0,-2.25,-102764.0,516.0
70.0,-2.25,-104395.0,516.0
70.0,-2.25,-103850.0,517.0
70.0,-2.25,-103541.0,516.0
70.0,-2.25,-103042.0,516.0
70.0,-2.25,-102459.0,516.0
70.0,-2.25,-101444.0,516.0
70.0,-2.25,-100483.0,516.0
70.0,-2.25,-100476.0,516.0
70.0,-2.25,-101423.0,516.0
70.0,-2.25,-101370.0,516.0
70.0,-2.25,-103149.0,517.0
70.0,-2.25,-103050.0,516.0
70.0,-2.25,-103517.0,516.0
70.0,-2.25,-101266.0,516.0
70.0,-2.25,-100899.0,516.0
60.0,-14.75,-140876.0,478.0
60.0,-14.75,-140237.0,478.0
60.0,-14.75,-141222.0,478.0
60.0,-14.75,-141591.0,478.0
60.0,-14.75,-142116.0,478.0
60.0,-14.75,-142107.0,478.0
60.0,-14.75,-142504.0,478.0
60.0,-14.75,-143481.0,478.0
60.0,-14.75,-142930.0,478.0
60.0,-14.75,-144057.0,478.0
60.0,-14.75,-143146.0,478.0
60.0,-14.75,-142713.0,478.0
60.0,-14.75,-143454.0,478.0
60.0,-14.75,-144391.0,478.0
60.0,-14.75,-143912.0,477.0
60.0,-14.75,-144039.0,478.0
60.0,-14.75,-143100.0,478.0
60.0,-14.75,-143033.0,478.0
60.0,-14.75,-143486.0,477.0
60.0,-14.75,-142481.0,477.0
60.0,-14.75,-141804.0,478.0
60.0,-14.75,-142087.0,477.0
60.0,-14.75,-142156.0,478.0
60.0,-14.75,-141529.0,478.0
60.0,-14.75,-141788.0,478.0
60.0,-14.75,-141367.0,478.0
60.0,-14.75,-141342.0,477.0
60.0,-14.75,-141695.0,478.0
60.0,-14.75,-142194.0,478.0
60.0,-14.75,-142939.0,478.0
60.0,-14.75,-142608.0,478.0
60.0,-14.75,-142555.0,478.0
60.0,-14.75,-142796.0,478.0
60.0,-14.75,-143557.0,478.0
60.0,-14.75,-143494.0,478.0
60.0,-14.75,-144019.0,477.0
60.0,-14.75,-142714.0,478.0
60.0,-14.75,-142159.0,478.0
60.0,-14.75,-142814.0,478.0
60.0,-14.75,-143435.0,478.0
60.0,-14.75,-144518.0,478.0
60.0,-14.75,-143995.0,478.0
60.0,-14.75,-143856.0,478.0
60.0,-14.75,-143089.0,478.0
60.0,-14.75,-143306.0,478.0
60.0,-14.75,-141523.0,478.0
60.0,-14.75,-140806.0,478.0
60.0,-14.75,-142285.0,478.0
60.0,-14.75,-142234.0,477.0
60.0,-14.75,-143037.0,478.0
50.0,-28.94,-287424.0,433.0
50.0,-28.94,-287157.0,433.0
50.0,-28.94,-287378.0,433.0
50.0,-28.94,-288401.0,433.0
50.0,-28.94,-287246.0,433.0
50.0,-28.94,-288241.0,433.0
50.0,-28.94,-290144.0,434.0
50.0,-28.94,-290315.0,433.0
50.0,-28.94,-289752.0,433.0
50.0,-28.94,-290289.0,433.0
50.0,-28.94,-292076.0,433.0
50.0,-28.94,-291747.0,433.0
50.0,-28.94,-291354.0,433.0
50.0,-28.94,-291471.0,433.0
50.0,-28.94,-292700.0,433.0
50.0,-28.94,-293129.0,433.0
50.0,-28.94,-291940.0,433.0
50.0,-28.94,-291563.0,433.0
50.0,-28.94,-292216.0,434.0
50.0,-28.94,-292617.0,433.0
50.0,-28.94,-292828.0,433.0
50.0,-28.94,-294449.0,433.0
50.0,-28.94,-294784.0,433.0
50.0,-28.94,-293669.0,433.0
50.0,-28.94,-293494.0,433.0
50.0,-28.94,-292749.0,434.0
50.0,-28.94,-293126.0,434.0
50.0,-28.94,-293447.0,433.0
50.0,-28.94,-293560.0,433.0
50.0,-28.94,-293347.0,433.0
50.0,-28.94,-293794.0,434.0
50.0,-28.94,-294695.0,433.0
50.0,-28.94,-294356.0,433.0
50.0,-28.94,-294717.0,433.0
50.0,-28.94,-294060.0,433.0
50.0,-28.94,-292615.0,433.0
50.0,-28.94,-293796.0,433.0
50.0,-28.94,-294195.0,432.0
50.0,-28.94,-293584.0,433.0
50.0,-28.94,-294217.0,433.0
50.0,-28.94,-294028.0,433.0
50.0,-28.94,-294181.0,433.0
50.0,-28.94,-294980.0,434.0
50.0,-28.94,-294705.0,433.0
50.0,-28.94,-295712.0,433.0
50.0,-28.94,-295935.0,433.0
50.0,-28.94,-295254.0,433.0
50.0,-28.94,-295185.0,433.0
50.0,-28.94,-294060.0,433.0
50.0,-28.94,-294251.0,433.0
40.0,-43.56,-428310.0,386.0
40.0,-43.56,-428769.0,386.0
40.0,-43.56,-428748.0,386.0
40.0,-43.56,-429517.0,386.0
40.0,-43.56,-429838.0,386.0
40.0,-43.56,-430393.0,386.0
40.0,-43.56,-430316.0,386.0
40.0,-43.56,-431085.0,386.0
40.0,-43.56,-431652.0,385.0
40.0,-43.56,-432587.0,386.0
40.0,-43.56,-433182.0,386.0
40.0,-43.56,-432379.0,386.0
40.0,-43.56,-434140.0,386.0
40.0,-43.56,-434517.0,386.0
40.0,-43.56,-433982.0,386.0
40.0,-43.56,-433589.0,385.0
40.0,-43.56,-432514.0,386.0
40.0,-43.56,-433649.0,386.0
40.0,-43.56,-434208.0,386.0
40.0,-43.56,-433429.0,386.0
40.0,-43.56,-432578.0,386.0
40.0,-43.56,-432075.0,386.0
40.0,-43.56,-432532.0,386.0
40.0,-43.56,-432441.0,385.0
40.0,-43.56,-431772.0,386.0
40.0,-43.56,-431807.0,385.0
40.0,-43.56,-431700.0,385.0
40.0,-43.56,-431173.0,385.0
40.0,-43.56,-431162.0,386.0
40.0,-43.56,-431063.0,386.0
40.0,-43.56,-430476.0,386.0
40.0,-43.56,-429511.0,386.0
40.0,-43.56,-429622.0,385.0
40.0,-43.56,-429739.0,386.0
40.0,-43.56,-429694.0,386.0
40.0,-43.56,-429731.0,386.0
40.0,-43.56,-429966.0,385.0
40.0,-43.56,-429507.0,385.0
40.0,-43.56,-429410.0,386.0
40.0,-43.56,-429707.0,386.0
40.0,-43.56,-428940.0,385.0
40.0,-43.56,-427707.0,386.0
40.0,-43.56,-427708.0,386.0
40.0,-43.56,-427675.0,386.0
40.0,-43.56,-427546.0,385.0
40.0,-43.56,-427683.0,386.0
40.0,-43.56,-427408.0,386.0
40.0,-43.56,-426717.0,385.0
40.0,-43.56,-427848.0,386.0
40.0,-43.56,-428489.0,386.0
30.0,-58.13,-588168.0,336.0
30.0,-58.06,-589203.0,337.0
30.0,-58.0,-591214.0,336.0
30.0,-57.94,-591987.0,337.0
30.0,-57.94,-590844.0,336.0
30.0,-57.94,-591261.0,337.0
30.0,-57.94,-591716.0,337.0
30.0,-57.94,-592155.0,337.0
30.0,-57.94,-592170.0,337.0
30.0,-57.94,-590979.0,337.0
30.0,-57.94,-591458.0,336.0
30.0,-57.94,-592321.0,337.0
30.0,-57.94,-591486.0,337.0
30.0,-57.94,-591927.0,337.0
30.0,-57.94,-591224.0,337.0
30.0,-57.94,-589911.0,337.0
30.0,-57.94,-589978.0,337.0
30.0,-57.94,-591319.0,337.0
30.0,-57.94,-592028.0,335.0
30.0,-57.94,-591897.0,337.0
30.0,-57.94,-592022.0,337.0
30.0,-57.94,-592189.0,336.0
30.0,-57.94,-592528.0,337.0
30.0,-57.94,-591701.0,337.0
30.0,-57.94,-591624.0,337.0
30.0,-57.94,-591895.0,337.0
30.0,-57.94,-592446.0,337.0
30.0,-57.94,-592499.0,337.0
30.0,-57.94,-592746.0,337.0
30.0,-57.94,-592699.0,337.0
30.0,-57.94,-592558.0,337.0
30.0,-57.94,-592715.0,337.0
30.0,-57.94,-592820.0,336.0
30.0,-57.94,-592271.0,337.0
30.0,-57.94,-592946.0,337.0
30.0,-57.94,-592431.0,337.0
30.0,-57.94,-592462.0,337.0
30.0,-57.94,-591435.0,337.0
30.0,-57.94,-590740.0,337.0
30.0,-57.94,-591637.0,337.0
30.0,-57.94,-591744.0,337.0
30.0,-57.94,-592049.0,337.0
30.0,-57.94,-591280.0,336.0
30.0,-57.94,-591635.0,337.0
30.0,-57.94,-591852.0,337.0
30.0,-57.94,-591735.0,337.0
30.0,-57.94,-591402.0,337.0
30.0,-57.94,-591529.0,337.0
30.0,-57.94,-591956.0,337.0
30.0,-57.94,-592535.0,337.0
20.0,-71.81,-773814.0,290.0
20.0,-71.81,-774771.0,290.0
20.0,-71.75,-775248.0,291.0
20.0,-71.69,-774725.0,290.0
20.0,-71.69,-775904.0,290.0
20.0,-71.69,-776029.0,291.0
20.0,-71.69,-776602.0,290.0
20.0,-71.69,-777289.0,291.0
20.0,-71.69,-776570.0,290.0
20.0,-71.69,-776113.0,291.0
20.0,-71.69,-775282.0,290.0
20.0,-71.69,-775823.0,291.0
20.0,-71.69,-776624.0,290.0
20.0,-71.69,-776691.0,291.0
20.0,-71.69,-775906.0,290.0
20.0,-71.69,-775599.0,291.0
20.0,-71.69,-776586.0,290.0
20.0,-71.69,-776973.0,290.0
20.0,-71.69,-777098.0,291.0
20.0,-71.69,-776107.0,290.0
20.0,-71.69,-776096.0,290.0
20.0,-71.69,-775955.0,290.0
20.0,-71.69,-775854.0,290.0
20.0,-71.69,-776565.0,290.0
20.0,-71.69,-777774.0,290.0
20.0,-71.69,-777743.0,291.0
20.0,-71.69,-777960.0,291.0
20.0,-71.69,-777967.0,291.0
20.0,-71.69,-777630.0,290.0
20.0,-71.69,-776083.0,290.0
20.0,-71.69,-776648.0,290.0
20.0,-71.69,-776523.0,290.0
20.0,-71.69,-776658.0,290.0
20.0,-71.69,-777339.0,290.0
20.0,-71.69,-775754.0,290.0
20.0,-71.69,-776033.0,290.0
20.0,-71.69,-776372.0,290.0
20.0,-71.69,-776905.0,291.0
20.0,-71.69,-776548.0,290.0
20.0,-71.69,-777071.0,290.0
20.0,-71.69,-777276.0,290.0
20.0,-71.69,-777533.0,291.0
20.0,-71.69,-777166.0,290.0
20.0,-71.69,-777035.0,290.0
20.0,-71.69,-777664.0,291.0
20.0,-71.69,-776703.0,290.0
20.0,-71.69,-776686.0,290.0
20.0,-71.69,-776967.0,290.0
20.0,-71.69,-776576.0,290.0
20.0,-71.69,-775653.0,290.0
10.0,-83.94,-1053218.0,245.0
10.0,-83.94,-1055255.0,246.0
10.0,-84.0,-1056994.0,246.0
10.0,-84.0,-1057393.0,246.0
10.0,-84.0,-1058368.0,247.0
10.0,-84.0,-1060891.0,246.0
10.0,-84.0,-1061746.0,246.0
10.0,-84.0,-1062653.0,246.0
10.0,-84.0,-1063644.0,245.0
10.0,-84.0,-1064321.0,245.0
10.0,-84.0,-1065870.0,246.0
10.0,-84.0,-1066011.0,246.0
10.0,-84.0,-1066500.0,246.0
10.0,-84.0,-1066439.0,246.0
10.0,-84.0,-1067792.0,247.0
10.0,-84.0,-1068209.0,246.0
10.0,-84.0,-1069154.0,245.0
10.0,-84.0,-1068745.0,246.0
10.0,-84.0,-1069952.0,245.0
10.0,-84.0,-1070981.0,246.0
10.0,-84.0,-1070608.0,246.0
10.0,-84.0,-1070117.0,246.0
10.0,-84.0,-1070560.0,246.0
10.0,-84.0,-1069893.0,246.0
10.0,-84.0,-1070464.0,245.0
10.0,-84.0,-1071255.0,246.0
10.0,-84.0,-1071502.0,246.0
10.0,-84.0,-1073133.0,246.0
10.0,-84.0,-1072508.0,246.0
10.0,-84.0,-1071121.0,245.0
10.0,-84.0,-1070914.0,246.0
10.0,-84.0,-1071505.0,245.0
10.0,-84.0,-1072234.0,246.0
10.0,-84.0,-1073845.0,245.0
10.0,-84.0,-1074288.0,246.0
10.0,-84.0,-1074029.0,245.0
10.0,-84.0,-1074354.0,245.0
10.0,-84.0,-1073917.0,246.0
10.0,-84.0,-1073586.0,246.0
10.0,-84.0,-1073331.0,246.0
10.0,-84.0,-1074338.0,246.0
10.0,-84.0,-1074697.0,246.0
10.0,-84.0,-1075502.0,246.0
10.0,-84.0,-1075541.0,246.0
10.0,-84.0,-1075774.0,246.0
10.0,-84.0,-1074641.0,246.0
10.0,-84.0,-1072676.0,246.0
10.0,-84.0,-1072723.0,246.0
10.0,-84.0,-1074572.0,246.0
10.0,-84.0,-1075267.0,245.0
20.0,-71.25,-811816.0,289.0
20.0,-71.25,-812219.0,289.0
20.0,-71.25,-811988.0,289.0
20.0,-71.25,-811695.0,289.0
20.0,-71.25,-810594.0,289.0
20.0,-71.25,-810111.0,289.0
20.0,-71.25,-809778.0,289.0
20.0,-71.25,-810481.0,289.0
20.0,-71.25,-809852.0,288.0
20.0,-71.25,-810029.0,289.0
20.0,-71.25,-809526.0,289.0
20.0,-71.25,-808743.0,289.0
20.0,-71.25,-809100.0,289.0
20.0,-71.25,-808737.0,289.0
20.0,-71.25,-808870.0,289.0
20.0,-71.25,-809733.0,289.0
20.0,-71.25,-809470.0,290.0
20.0,-71.25,-809179.0,289.0
20.0,-71.25,-810098.0,289.0
20.0,-71.25,-810213.0,288.0
20.0,-71.25,-809852.0,289.0
20.0,-71.25,-810829.0,289.0
20.0,-71.25,-810204.0,288.0
20.0,-71.25,-809645.0,289.0
20.0,-71.25,-808318.0,288.0
20.0,-71.25,-808453.0,289.0
20.0,-71.25,-808932.0,288.0
20.0,-71.25,-808621.0,289.0
20.0,-71.25,-808170.0,289.0
20.0,-71.12,-808253.0,289.0
20.0,-71.12,-808474.0,289.0
20.0,-71.12,-807797.0,289.0
20.0,-71.12,-807446.0,289.0
20.0,-71.12,-806985.0,289.0
20.0,-71.12,-807146.0,289.0
20.0,-71.12,-808875.0,289.0
20.0,-71.12,-809188.0,289.0
20.0,-71.12,-809055.0,289.0
20.0,-71.12,-808836.0,289.0
20.0,-71.12,-809569.0,289.0
20.0,-71.12,-809288.0,289.0
20.0,-71.12,-809327.0,289.0
20.0,-71.12,-809082.0,289.0
20.0,-71.12,-808823.0,289.0
20.0,-71.12,-809452.0,290.0
20.0,-71.12,-810047.0,289.0
20.0,-71.12,-809908.0,290.0
20.0,-71.12,-806821.0,290.0
20.0,-71.12,-806488.0,289.0
20.0,-71.12,-806877.0,289.0
30.0,-57.38,-633470.0,334.0
30.0,-57.38,-633471.0,335.0
30.0,-57.38,-631934.0,336.0
30.0,-57.38,-632479.0,335.0
30.0,-57.38,-631794.0,335.0
30.0,-57.38,-631443.0,336.0
30.0,-57.38,-630938.0,335.0
30.0,-57.38,-631091.0,335.0
30.0,-57.38,-630884.0,335.0
30.0,-57.38,-631605.0,334.0
30.0,-57.38,-632934.0,335.0
30.0,-57.25,-632741.0,336.0
30.0,-57.25,-630582.0,335.0
30.0,-57.25,-631167.0,336.0
30.0,-57.13,-630408.0,336.0
30.0,-57.13,-629803.0,336.0
30.0,-57.13,-629932.0,336.0
30.0,-57.13,-629319.0,335.0
30.0,-57.13,-628544.0,336.0
30.0,-57.13,-628037.0,335.0
30.0,-57.13,-627522.0,335.0
30.0,-57.13,-628311.0,336.0
30.0,-57.13,-628364.0,336.0
30.0,-57.13,-628783.0,336.0
30.0,-57.13,-628864.0,336.0
30.0,-57.13,-628265.0,336.0
30.0,-57.13,-629088.0,336.0
30.0,-57.13,-629277.0,335.0
30.0,-57.13,-629500.0,336.0
30.0,-57.13,-628777.0,337.0
30.0,-57.13,-629312.0,336.0
30.0,-57.13,-630015.0,335.0
30.0,-57.13,-630308.0,336.0
30.0,-57.13,-630195.0,336.0
30.0,-57.13,-630372.0,336.0
30.0,-57.13,-629669.0,336.0
30.0,-57.13,-629726.0,335.0
30.0,-57.13,-629799.0,336.0
30.0,-57.13,-629552.0,336.0
30.0,-57.13,-629607.0,336.0
30.0,-57.13,-629418.0,336.0
30.0,-57.13,-629883.0,336.0
30.0,-57.13,-629374.0,336.0
30.0,-57.13,-628965.0,336.0
30.0,-57.13,-628802.0,336.0
30.0,-57.13,-629337.0,336.0
30.0,-57.13,-629396.0,336.0
30.0,-57.13,-630181.0,336.0
30.0,-57.13,-629570.0,336.0
30.0,-57.13,-629869.0,336.0
40.0,-43.63,-487008.0,381.0
40.0,-43.63,-486191.0,382.0
40.0,-43.63,-485372.0,382.0
40.0,-43.63,-486279.0,382.0
40.0,-43.63,-487142.0,382.0
40.0,-43.63,-485347.0,382.0
40.0,-43.63,-486768.0,382.0
40.0,-43.63,-487021.0,382.0
40.0,-43.63,-486002.0,382.0
40.0,-43.63,-486805.0,382.0
40.0,-43.63,-486478.0,382.0
40.0,-43.63,-486165.0,382.0
40.0,-43.63,-486878.0,382.0
40.0,-43.63,-486821.0,382.0
40.0,-43.63,-484814.0,382.0
40.0,-43.63,-485643.0,382.0
40.0,-43.63,-485324.0,383.0
40.0,-43.63,-485847.0,382.0
40.0,-43.63,-486034.0,382.0
40.0,-43.63,-486569.0,382.0
40.0,-43.63,-487590.0,382.0
40.0,-43.63,-486969.0,382.0
40.0,-43.63,-486916.0,382.0
40.0,-43.63,-488345.0,382.0
40.0,-43.63,-489162.0,382.0
40.0,-43.63,-489053.0,382.0
40.0,-43.63,-488878.0,382.0
40.0,-43.63,-487993.0,382.0
40.0,-43.63,-487780.0,382.0
40.0,-43.63,-487787.0,382.0
40.0,-43.63,-488128.0,382.0
40.0,-43.63,-487975.0,382.0
40.0,-43.63,-488508.0,382.0
40.0,-43.63,-488813.0,381.0
40.0,-43.63,-489126.0,382.0
40.0,-43.63,-489563.0,382.0
40.0,-43.63,-489452.0,382.0
40.0,-43.63,-488635.0,382.0
40.0,-43.63,-488006.0,382.0
40.0,-43.63,-487709.0,382.0
40.0,-43.63,-487602.0,382.0
40.0,-43.63,-488009.0,382.0
40.0,-43.63,-487716.0,382.0
40.0,-43.63,-488105.0,382.0
40.0,-43.63,-488554.0,382.0
40.0,-43.63,-488889.0,382.0
40.0,-43.63,-488902.0,381.0
40.0,-43.63,-488451.0,382.0
40.0,-43.63,-489428.0,382.0
40.0,-43.63,-489227.0,382.0
50.0,-29.56,-354648.0,428.0
50.0,-29.56,-354819.0,428.0
50.0,-29.56,-355128.0,428.0
50.0,-29.62,-354575.0,428.0
50.0,-29.62,-354702.0,428.0
50.0,-29.62,-353837.0,428.0
50.0,-29.62,-352928.0,428.0
50.0,-29.62,-353451.0,428.0
50.0,-29.62,-353338.0,428.0
50.0,-29.62,-352905.0,428.0
50.0,-29.62,-353212.0,428.0
50.0,-29.62,-352293.0,428.0
50.0,-29.62,-352252.0,427.0
50.0,-29.62,-352777.0,428.0
50.0,-29.62,-352698.0,428.0
50.0,-29.62,-352555.0,428.0
50.0,-29.62,-352424.0,428.0
50.0,-29.62,-351533.0,428.0
50.0,-29.62,-352126.0,428.0
50.0,-29.62,-351705.0,428.0
50.0,-29.62,-352128.0,428.0
50.0,-29.62,-352259.0,428.0
50.0,-29.62,-352658.0,428.0
50.0,-29.62,-352917.0,428.0
50.0,-29.62,-352946.0,428.0
50.0,-29.62,-352699.0,428.0
50.0,-29.62,-352962.0,427.0
50.0,-29.62,-352715.0,428.0
50.0,-29.62,-352244.0,428.0
50.0,-29.62,-352855.0,428.0
50.0,-29.62,-352982.0,428.0
50.0,-29.62,-353281.0,428.0
50.0,-29.62,-352834.0,428.0
50.0,-29.62,-352667.0,428.0
50.0,-29.62,-352166.0,428.0
50.0,-29.62,-350355.0,428.0
50.0,-29.62,-350074.0,428.0
50.0,-29.62,-352473.0,428.0
50.0,-29.62,-352418.0,428.0
50.0,-29.62,-353005.0,428.0
50.0,-29.62,-353032.0,428.0
50.0,-29.62,-353203.0,429.0
50.0,-29.62,-353076.0,428.0
50.0,-29.62,-352863.0,428.0
50.0,-29.62,-353716.0,429.0
50.0,-29.62,-353557.0,428.0
50.0,-29.62,-352648.0,428.0
50.0,-29.62,-352501.0,429.0
50.0,-29.62,-352550.0,428.0
50.0,-29.62,-352591.0,428.0
60.0,-15.5,-219940.0,473.0
60.0,-15.56,-219035.0,473.0
60.0,-15.56,-217894.0,473.0
60.0,-15.63,-217657.0,473.0
60.0,-15.63,-218160.0,472.0
60.0,-15.63,-217497.0,473.0
60.0,-15.63,-216158.0,473.0
60.0,-15.63,-215533.0,473.0
60.0,-15.63,-214928.0,473.0
60.0,-15.63,-215055.0,473.0
60.0,-15.63,-215386.0,473.0
60.0,-15.63,-215341.0,473.0
60.0,-15.63,-214472.0,473.0
60.0,-15.63,-215169.0,473.0
60.0,-15.63,-215974.0,473.0
60.0,-15.63,-216211.0,473.0
60.0,-15.63,-216770.0,473.0
60.0,-15.63,-216663.0,473.0
60.0,-15.63,-216694.0,473.0
60.0,-15.63,-216103.0,473.0
60.0,-15.63,-215946.0,474.0
60.0,-15.63,-216349.0,473.0
60.0,-15.63,-216042.0,474.0
60.0,-15.63,-215311.0,473.0
60.0,-15.63,-215056.0,473.0
60.0,-15.63,-214351.0,473.0
60.0,-15.63,-215496.0,474.0
60.0,-15.63,-215529.0,473.0
60.0,-15.63,-214418.0,472.0
60.0,-15.63,-214445.0,473.0
60.0,-15.63,-213862.0,473.0
60.0,-15.63,-213529.0,473.0
60.0,-15.63,-213726.0,474.0
60.0,-15.63,-214045.0,473.0
60.0,-15.63,-214700.0,473.0
60.0,-15.63,-215247.0,473.0
60.0,-15.63,-215860.0,474.0
60.0,-15.63,-215289.0,473.0
60.0,-15.63,-214652.0,473.0
60.0,-15.63,-214695.0,473.0
60.0,-15.63,-214252.0,473.0
60.0,-15.63,-213607.0,473.0
60.0,-15.63,-213856.0,473.0
60.0,-15.63,-215149.0,474.0
60.0,-15.63,-215170.0,473.0
60.0,-15.63,-213933.0,473.0
60.0,-15.63,-213964.0,474.0
60.0,-15.63,-214275.0,472.0
60.0,-15.63,-214926.0,473.0
60.0,-15.63,-214167.0,472.0
70.0,-2.19,-104470.0,516.0
70.0,-2.25,-104183.0,516.0
70.0,-2.25,-103714.0,516.0
70.0,-2.31,-104249.0,516.0
70.0,-2.38,-103952.0,524.0
70.0,-0.25,-103759.0,521.0
70.0,-0.94,-95864.0,521.0
70.0,-0.94,-98055.0,521.0
70.0,-0.94,-98484.0,521.0
70.0,-0.94,-99137.0,521.0
70.0,-0.94,-98088.0,521.0
70.0,-0.94,-97503.0,521.0
70.0,-0.94,-99534.0,521.0
70.0,-0.94,-100387.0,521.0
70.0,-0.94,-101356.0,521.0
70.0,-0.94,-100693.0,521.0
70.0,-0.94,-101464.0,520.0
70.0,-0.94,-100537.0,521.0
70.0,-0.94,-100228.0,521.0
70.0,-0.94,-100601.0,521.0
70.0,-0.94,-100850.0,521.0
70.0,-0.94,-99935.0,521.0
70.0,-0.94,-99630.0,521.0
70.0,-0.94,-98749.0,520.0
70.0,-0.94,-98580.0,521.0
70.0,-0.94,-97583.0,521.0
70.0,-0.94,-98348.0,521.0
70.0,-0.94,-98327.0,521.0
70.0,-0.94,-97754.0,521.0
70.0,-0.94,-98233.0,521.0
70.0,-0.94,-97714.0,522.0
70.0,-0.37,-96727.0,522.0
70.0,-0.44,-94976.0,522.0
70.0,-0.5,-94511.0,522.0
70.0,-0.56,-94480.0,522.0
70.0,-0.56,-94675.0,522.0
70.0,-0.63,-94534.0,522.0
70.0,-0.69,-94117.0,522.0
70.0,-0.69,-95508.0,522.0
70.0,-0.69,-96629.0,522.0
70.0,-0.69,-96478.0,522.0
70.0,-0.69,-97165.0,522.0
70.0,-0.69,-97618.0,522.0
70.0,-0.69,-97965.0,522.0
70.0,-0.69,-98654.0,523.0
70.0,-0.69,-99367.0,522.0
70.0,-0.69,-100194.0,522.0
70.0,-0.69,-99923.0,523.0
70.0,-0.69,-101076.0,522.0
70.0,-0.69,-100659.0,523.0
70.0,-0.69,-68386.0,522.0
70.0,-0.69,-69321.0,522.0
70.0,-0.69,-70262.0,522.0
70.0,-0.69,-70195.0,522.0
70.0,-0.69,-70912.0,522.0
70.0,-0.69,-70363.0,522.0
70.0,-0.69,-70782.0,522.0
70.0,-0.69,-70581.0,523.0
70.0,-0.69,-70750.0,522.0
70.0,-0.69,-70545.0,522.0
70.0,-0.69,-70572.0,522.0
70.0,-0.69,-72947.0,522.0
70.0,-0.69,-72906.0,522.0
70.0,-0.69,-72603.0,523.0
70.0,-0.69,-71806.0,522.0
70.0,-0.69,-72651.0,522.0
70.0,-0.69,-74292.0,522.0
70.0,-0.69,-73785.0,523.0
70.0,-0.69,-73122.0,522.0
70.0,-0.69,-72841.0,523.0
70.0,-0.69,-72900.0,522.0
70.0,-0.69,-72745.0,522.0
70.0,-0.69,-72984.0,522.0
70.0,-0.69,-73155.0,522.0
70.0,-0.69,-73412.0,521.0
70.0,-0.69,-73317.0,522.0
70.0,-0.69,-72930.0,522.0
70.0,-0.69,-73027.0,522.0
70.0,-0.69,-73064.0,522.0
70.0,-0.69,-73825.0,522.0
70.0,-0.69,-73498.0,522.0
70.0,-0.69,-73259.0,522.0
70.0,-0.69,-73044.0,522.0
70.0,-0.69,-72837.0,523.0
70.0,-0.69,-72670.0,523.0
70.0,-0.69,-72155.0,523.0
70.0,-0.69,-72496.0,522.0
70.0,-0.69,-72709.0,522.0
70.0,-0.69,-72706.0,522.0
70.0,-0.69,-72015.0,522.0
70.0,-0.69,-71792.0,522.0
70.0,-0.69,-72259.0,522.0
70.0,-0.69,-72700.0,523.0
70.0,-0.69,-73661.0,522.0
70.0,-0.69,-73426.0,522.0
70.0,-0.69,-73039.0,522.0
70.0,-0.69,-72906.0,521.0
70.0,-0.69,-72445.0,522.0
70.0,-0.69,-72776.0,522.0
70.0,-0.69,-72459.0,522.0
60.0,-14.94,-125720.0,478.0
60.0,-14.94,-126941.0,478.0
60.0,-14.94,-127526.0,477.0
60.0,-14.94,-128203.0,478.0
60.0,-14.94,-129144.0,477.0
60.0,-14.94,-129855.0,477.0
60.0,-14.94,-130730.0,477.0
60.0,-14.94,-130651.0,477.0
60.0,-14.94,-131248.0,477.0
60.0,-14.94,-131669.0,477.0
60.0,-14.94,-131612.0,478.0
60.0,-14.94,-132081.0,478.0
60.0,-14.94,-132326.0,477.0
60.0,-14.94,-132539.0,478.0
60.0,-14.94,-133096.0,480.0
60.0,-14.19,-131775.0,480.0
60.0,-14.19,-129708.0,480.0
60.0,-14.19,-126805.0,479.0
60.0,-14.19,-127904.0,480.0
60.0,-14.19,-130159.0,479.0
60.0,-14.19,-129944.0,480.0
60.0,-14.19,-129877.0,480.0
60.0,-14.19,-129558.0,480.0
60.0,-14.19,-129707.0,480.0
60.0,-14.19,-129332.0,480.0
60.0,-14.19,-129109.0,480.0
60.0,-14.19,-128380.0,480.0
60.0,-14.19,-128727.0,479.0
60.0,-14.19,-129544.0,479.0
60.0,-14.19,-129825.0,480.0
60.0,-14.19,-130720.0,479.0
60.0,-14.19,-130893.0,479.0
60.0,-14.19,-129968.0,480.0
60.0,-14.19,-131099.0,480.0
60.0,-14.19,-131118.0,480.0
60.0,-14.19,-131023.0,480.0
60.0,-14.19,-131724.0,480.0
60.0,-14.19,-130741.0,480.0
60.0,-14.19,-129728.0,480.0
60.0,-14.19,-130963.0,480.0
60.0,-14.19,-130796.0,480.0
60.0,-14.19,-131055.0,480.0
60.0,-14.19,-130892.0,480.0
60.0,-14.19,-129989.0,480.0
60.0,-14.19,-129556.0,480.0
60.0,-14.19,-128835.0,479.0
60.0,-14.19,-129136.0,480.0
60.0,-14.19,-128807.0,480.0
60.0,-14.19,-127750.0,479.0
60.0,-14.19,-127867.0,479.0
50.0,-28.94,-258444.0,433.0
50.0,-28.94,-258751.0,434.0
50.0,-28.94,-258078.0,434.0
50.0,-28.94,-258329.0,434.0
50.0,-28.94,-260114.0,434.0
50.0,-28.94,-259907.0,433.0
50.0,-28.94,-259324.0,433.0
50.0,-28.94,-259907.0,433.0
50.0,-28.94,-259470.0,433.0
50.0,-28.94,-258315.0,434.0
50.0,-28.94,-257312.0,434.0
50.0,-28.94,-257387.0,433.0
50.0,-28.94,-256838.0,433.0
50.0,-28.94,-256171.0,433.0
50.0,-28.94,-256952.0,433.0
50.0,-28.94,-257657.0,433.0
50.0,-28.94,-257994.0,434.0
50.0,-28.94,-258573.0,433.0
50.0,-28.94,-258762.0,433.0
50.0,-28.94,-258883.0,433.0
50.0,-28.94,-259166.0,434.0
50.0,-28.94,-259929.0,433.0
50.0,-28.94,-259948.0,433.0
50.0,-28.94,-258817.0,433.0
50.0,-28.94,-258480.0,434.0
50.0,-28.94,-257775.0,434.0
50.0,-28.94,-257246.0,433.0
50.0,-28.94,-257597.0,433.0
50.0,-28.94,-258312.0,433.0
50.0,-28.94,-258513.0,433.0
50.0,-28.94,-259626.0,433.0
50.0,-28.94,-258953.0,433.0
50.0,-28.94,-258320.0,434.0
50.0,-28.94,-258005.0,433.0
50.0,-28.94,-257064.0,433.0
50.0,-28.94,-257297.0,433.0
50.0,-28.94,-257544.0,434.0
50.0,-28.94,-257089.0,433.0
50.0,-28.94,-257368.0,433.0
50.0,-28.94,-257279.0,433.0
50.0,-28.94,-256768.0,434.0
50.0,-28.94,-255995.0,434.0
50.0,-28.94,-256876.0,433.0
50.0,-28.94,-256703.0,433.0
50.0,-28.94,-257094.0,433.0
50.0,-28.94,-256641.0,433.0
50.0,-28.94,-256232.0,434.0
50.0,-28.94,-256099.0,433.0
50.0,-28.94,-256278.0,433.0
50.0,-28.94,-256247.0,433.0
40.0,-43.56,-405484.0,386.0
40.0,-43.56,-404867.0,386.0
40.0,-43.56,-405508.0,386.0
40.0,-43.56,-404379.0,387.0
40.0,-43.56,-403688.0,387.0
40.0,-43.56,-403111.0,386.0
40.0,-43.56,-403098.0,386.0
40.0,-43.56,-402543.0,386.0
40.0,-43.56,-401532.0,386.0
40.0,-43.56,-403615.0,386.0
40.0,-43.56,-404144.0,386.0
40.0,-43.56,-404255.0,386.0
40.0,-43.56,-404630.0,386.0
40.0,-43.56,-404535.0,386.0
40.0,-43.56,-404472.0,386.0
40.0,-43.56,-404567.0,386.0
40.0,-43.56,-403364.0,386.0
40.0,-43.56,-402433.0,386.0
40.0,-43.56,-403936.0,386.0
40.0,-43.56,-403295.0,387.0
40.0,-43.56,-405736.0,386.0
40.0,-43.56,-405923.0,386.0
40.0,-43.56,-405010.0,386.0
40.0,-43.56,-406351.0,386.0
40.0,-43.56,-406400.0,386.0
40.0,-43.56,-405321.0,386.0
40.0,-43.56,-404946.0,386.0
40.0,-43.56,-405159.0,386.0
40.0,-43.56,-405300.0,387.0
40.0,-43.56,-404647.0,386.0
40.0,-43.56,-403958.0,386.0
40.0,-43.56,-403251.0,387.0
40.0,-43.56,-403120.0,386.0
40.0,-43.56,-404585.0,386.0
40.0,-43.56,-404724.0,386.0
40.0,-43.56,-403813.0,386.0
40.0,-43.56,-402836.0,386.0
40.0,-43.56,-402363.0,386.0
40.0,-43.56,-403028.0,386.0
40.0,-43.56,-403907.0,387.0
40.0,-43.56,-403888.0,386.0
40.0,-43.56,-402697.0,386.0
40.0,-43.56,-402398.0,386.0
40.0,-43.56,-402189.0,386.0
40.0,-43.56,-403442.0,386.0
40.0,-43.56,-403677.0,386.0
40.0,-43.56,-403504.0,386.0
40.0,-43.56,-403183.0,386.0
40.0,-43.56,-405228.0,386.0
40.0,-43.56,-405333.0,389.0
30.0,-58.38,-607958.0,338.0
30.0,-58.38,-608751.0,337.0
30.0,-58.38,-609502.0,338.0
30.0,-58.38,-609901.0,338.0
30.0,-58.38,-609754.0,337.0
30.0,-58.38,-609289.0,338.0
30.0,-58.38,-609294.0,338.0
30.0,-58.38,-609885.0,337.0
30.0,-58.38,-610316.0,337.0
30.0,-58.38,-610693.0,337.0
30.0,-58.38,-610996.0,337.0
30.0,-58.38,-609315.0,337.0
30.0,-58.38,-608824.0,338.0
30.0,-58.38,-609239.0,338.0
30.0,-58.38,-609446.0,338.0
30.0,-58.38,-608621.0,337.0
30.0,-58.38,-607674.0,337.0
30.0,-58.38,-608905.0,338.0
30.0,-58.38,-608530.0,337.0
30.0,-58.38,-606015.0,338.0
30.0,-58.38,-606114.0,337.0
30.0,-58.38,-606637.0,337.0
30.0,-58.38,-607204.0,337.0
30.0,-58.38,-607211.0,337.0
30.0,-58.38,-606048.0,337.0
30.0,-58.38,-606143.0,338.0
30.0,-58.38,-606206.0,337.0
30.0,-58.38,-605853.0,337.0
30.0,-58.38,-606396.0,338.0
30.0,-58.38,-606341.0,337.0
30.0,-58.38,-607268.0,337.0
30.0,-58.38,-606385.0,337.0
30.0,-58.38,-605384.0,338.0
30.0,-58.38,-605585.0,337.0
30.0,-58.38,-605046.0,338.0
30.0,-58.38,-604893.0,337.0
30.0,-58.38,-605952.0,338.0
30.0,-58.38,-606007.0,338.0
30.0,-58.38,-607640.0,338.0
30.0,-58.38,-609839.0,337.0
30.0,-58.38,-609032.0,338.0
30.0,-58.38,-607549.0,337.0
30.0,-58.38,-607206.0,337.0
30.0,-58.38,-607685.0,337.0
30.0,-58.38,-607294.0,337.0
30.0,-58.38,-606481.0,337.0
30.0,-58.38,-607066.0,337.0
30.0,-58.38,-607361.0,338.0
30.0,-58.38,-607818.0,337.0
30.0,-58.38,-606775.0,337.0
20.0,-72.37,-783268.0,291.0
20.0,-72.37,-783041.0,291.0
20.0,-72.37,-783824.0,291.0
20.0,-72.37,-783915.0,291.0
20.0,-72.37,-785382.0,291.0
20.0,-72.37,-784773.0,291.0
20.0,-72.37,-783998.0,291.0
20.0,-72.37,-784379.0,291.0
20.0,-72.37,-785996.0,291.0
20.0,-72.37,-786203.0,291.0
20.0,-72.37,-787126.0,291.0
20.0,-72.37,-787567.0,291.0
20.0,-72.37,-788162.0,291.0
20.0,-72.37,-788701.0,291.0
20.0,-72.37,-788656.0,291.0
20.0,-72.37,-788083.0,291.0
20.0,-72.37,-788446.0,291.0
20.0,-72.37,-789765.0,291.0
20.0,-72.37,-790266.0,290.0
20.0,-72.37,-789501.0,291.0
20.0,-72.37,-788892.0,291.0
20.0,-72.37,-788547.0,291.0
20.0,-72.37,-789424.0,291.0
20.0,-72.37,-790047.0,291.0
20.0,-72.37,-790362.0,291.0
20.0,-72.37,-789789.0,291.0
20.0,-72.37,-789406.0,291.0
20.0,-72.37,-789419.0,290.0
20.0,-72.37,-789390.0,290.0
20.0,-72.37,-789053.0,291.0
20.0,-72.37,-790856.0,291.0
20.0,-72.37,-791249.0,291.0
20.0,-72.37,-790736.0,291.0
20.0,-72.37,-791523.0,291.0
20.0,-72.37,-790996.0,291.0
20.0,-72.37,-790023.0,291.0
20.0,-72.37,-790842.0,291.0
20.0,-72.37,-791473.0,291.0
20.0,-72.37,-791188.0,291.0
20.0,-72.37,-791955.0,291.0
20.0,-72.37,-792614.0,291.0
20.0,-72.37,-792309.0,291.0
20.0,-72.37,-791878.0,291.0
20.0,-72.37,-791631.0,291.0
20.0,-72.37,-791994.0,291.0
20.0,-72.37,-791575.0,291.0
20.0,-72.37,-791670.0,291.0
20.0,-72.37,-790931.0,291.0
20.0,-72.37,-789966.0,292.0
20.0,-72.37,-789747.0,291.0
10.0,-85.06,-1055108.0,247.0
10.0,-85.0,-1058213.0,246.0
10.0,-84.94,-1059934.0,247.0
10.0,-84.94,-1061251.0,246.0
10.0,-84.94,-1062546.0,246.0
10.0,-84.87,-1064517.0,246.0
10.0,-84.87,-1065330.0,246.0
10.0,-84.87,-1066375.0,246.0
10.0,-84.87,-1067438.0,246.0
10.0,-84.87,-1067873.0,246.0
10.0,-84.87,-1067816.0,247.0
10.0,-84.87,-1067747.0,247.0
10.0,-84.87,-1068772.0,246.0
10.0,-84.87,-1069563.0,245.0
10.0,-84.87,-1070526.0,247.0
10.0,-84.87,-1070977.0,246.0
10.0,-84.87,-1072202.0,246.0
10.0,-84.87,-1071661.0,246.0
10.0,-84.87,-1072146.0,247.0
10.0,-84.87,-1072509.0,246.0
10.0,-84.87,-1073772.0,246.0
10.0,-84.87,-1073875.0,246.0
10.0,-84.87,-1074346.0,247.0
10.0,-84.87,-1075415.0,245.0
10.0,-84.87,-1075444.0,246.0
10.0,-84.87,-1073903.0,246.0
10.0,-84.87,-1073888.0,246.0
10.0,-84.87,-1075639.0,246.0
10.0,-84.87,-1076070.0,246.0
10.0,-84.87,-1075307.0,248.0
10.0,-84.87,-1075726.0,246.0
10.0,-84.87,-1075301.0,246.0
10.0,-84.87,-1075082.0,247.0
10.0,-84.87,-1074555.0,246.0
10.0,-84.87,-1074504.0,246.0
10.0,-84.87,-1075241.0,247.0
10.0,-84.87,-1075410.0,247.0
10.0,-84.87,-1076529.0,247.0
10.0,-84.87,-1075262.0,246.0
10.0,-84.87,-1076491.0,246.0
10.0,-84.87,-1076790.0,246.0
10.0,-84.87,-1076801.0,247.0
10.0,-84.87,-1076732.0,246.0
10.0,-84.87,-1076745.0,246.0
10.0,-84.87,-1078178.0,246.0
10.0,-84.87,-1078747.0,246.0
10.0,-84.87,-1077734.0,246.0
10.0,-84.87,-1078105.0,246.0
10.0,-84.87,-1078174.0,246.0
10.0,-84.87,-1077991.0,246.0
20.0,-72.5,-827678.0,288.0
20.0,-72.5,-826999.0,289.0
20.0,-72.5,-826878.0,289.0
20.0,-72.5,-827679.0,289.0
20.0,-72.5,-827516.0,288.0
20.0,-72.5,-828209.0,289.0
20.0,-72.5,-827718.0,289.0
20.0,-72.5,-827165.0,289.0
20.0,-72.5,-826806.0,289.0
20.0,-72.5,-827655.0,289.0
20.0,-72.5,-827830.0,289.0
20.0,-72.5,-827377.0,289.0
20.0,-72.5,-827102.0,289.0
20.0,-72.5,-826839.0,288.0
20.0,-72.5,-826962.0,289.0
20.0,-72.5,-827415.0,288.0
20.0,-72.5,-827574.0,289.0
20.0,-72.5,-827125.0,289.0
20.0,-72.5,-826096.0,289.0
20.0,-72.5,-826195.0,289.0
20.0,-72.5,-826474.0,289.0
20.0,-72.5,-826147.0,288.0
20.0,-72.5,-825656.0,289.0
20.0,-72.5,-825727.0,288.0
20.0,-72.5,-826674.0,289.0
20.0,-72.5,-826411.0,288.0
20.0,-72.5,-827142.0,289.0
20.0,-72.5,-825935.0,289.0
20.0,-72.5,-826086.0,289.0
20.0,-72.5,-826227.0,289.0
20.0,-72.5,-826838.0,288.0
20.0,-72.5,-826425.0,288.0
20.0,-72.5,-826404.0,289.0
20.0,-72.5,-827127.0,289.0
20.0,-72.5,-827180.0,289.0
20.0,-72.5,-826855.0,288.0
20.0,-72.5,-826600.0,289.0
20.0,-72.5,-826555.0,289.0
20.0,-72.5,-826082.0,288.0
20.0,-72.5,-824495.0,289.0
20.0,-72.5,-824662.0,289.0
20.0,-72.5,-824305.0,289.0
20.0,-72.5,-824232.0,289.0
20.0,-72.5,-824423.0,289.0
20.0,-72.5,-824354.0,288.0
20.0,-72.5,-824719.0,288.0
20.0,-72.5,-825154.0,289.0
20.0,-72.5,-824957.0,288.0
20.0,-72.5,-824556.0,288.0
20.0,-72.5,-825023.0,289.0
30.0,-58.56,-652720.0,335.0
30.0,-58.56,-652861.0,335.0
30.0,-58.56,-651660.0,335.0
30.0,-58.56,-651485.0,335.0
30.0,-58.56,-652956.0,335.0
30.0,-58.56,-652573.0,335.0
30.0,-58.56,-652990.0,334.0
30.0,-58.56,-652997.0,335.0
30.0,-58.56,-652270.0,335.0
30.0,-58.56,-652057.0,335.0
30.0,-58.56,-651892.0,335.0
30.0,-58.56,-653071.0,335.0
30.0,-58.56,-652958.0,335.0
30.0,-58.56,-651909.0,335.0
30.0,-58.56,-651476.0,335.0
30.0,-58.56,-651223.0,334.0
30.0,-58.56,-652024.0,335.0
30.0,-58.56,-651937.0,335.0
30.0,-58.56,-653244.0,335.0
30.0,-58.56,-653241.0,335.0
30.0,-58.56,-653704.0,335.0
30.0,-58.56,-652255.0,335.0
30.0,-58.56,-651868.0,335.0
30.0,-58.56,-652749.0,335.0
30.0,-58.56,-653160.0,335.0
30.0,-58.56,-652019.0,335.0
30.0,-58.56,-651136.0,334.0
30.0,-58.56,-651479.0,335.0
30.0,-58.56,-651092.0,335.0
30.0,-58.56,-651291.0,335.0
30.0,-58.56,-651352.0,335.0
30.0,-58.56,-650943.0,335.0
30.0,-58.56,-650800.0,335.0
30.0,-58.56,-650269.0,335.0
30.0,-58.56,-650544.0,335.0
30.0,-58.56,-650817.0,335.0
30.0,-58.56,-652592.0,334.0
30.0,-58.56,-651839.0,334.0
30.0,-58.56,-650752.0,335.0
30.0,-58.56,-650923.0,335.0
30.0,-58.56,-650800.0,335.0
30.0,-58.56,-650807.0,335.0
30.0,-58.56,-650912.0,335.0
30.0,-58.56,-651855.0,334.0
30.0,-58.56,-651502.0,335.0
30.0,-58.56,-650855.0,335.0
30.0,-58.56,-650870.0,335.0
30.0,-58.56,-651085.0,335.0
30.0,-58.56,-651798.0,335.0
30.0,-58.56,-652193.0,335.0
40.0,-44.19,-514020.0,382.0
40.0,-44.19,-515011.0,382.0
40.0,-44.19,-515398.0,382.0
40.0,-44.19,-515801.0,382.0
40.0,-44.19,-515582.0,382.0
40.0,-44.19,-515019.0,382.0
40.0,-44.19,-514640.0,382.0
40.0,-44.19,-515225.0,382.0
40.0,-44.19,-515446.0,382.0
40.0,-44.19,-515207.0,382.0
40.0,-44.19,-514056.0,381.0
40.0,-44.19,-513669.0,382.0
40.0,-44.19,-513078.0,382.0
40.0,-44.19,-512583.0,382.0
40.0,-44.19,-512298.0,382.0
40.0,-44.19,-512563.0,381.0
40.0,-44.19,-511960.0,382.0
40.0,-44.19,-511999.0,382.0
40.0,-44.19,-513220.0,382.0
40.0,-44.19,-512963.0,382.0
40.0,-44.19,-513060.0,382.0
40.0,-44.19,-513319.0,382.0
40.0,-44.19,-512370.0,382.0
40.0,-44.19,-510935.0,382.0
40.0,-44.19,-510858.0,382.0
40.0,-44.19,-510365.0,382.0
40.0,-44.19,-510072.0,382.0
40.0,-44.19,-511061.0,382.0
40.0,-44.19,-511654.0,382.0
40.0,-44.19,-512153.0,382.0
40.0,-44.19,-512362.0,382.0
40.0,-44.19,-512271.0,382.0
40.0,-44.19,-512422.0,382.0
40.0,-44.19,-512527.0,382.0
40.0,-44.19,-512716.0,382.0
40.0,-44.19,-512399.0,382.0
40.0,-44.19,-511432.0,382.0
40.0,-44.19,-511783.0,382.0
40.0,-44.19,-512664.0,382.0
40.0,-44.19,-513107.0,382.0
40.0,-44.19,-512702.0,382.0
40.0,-44.19,-512223.0,382.0
40.0,-44.19,-511412.0,382.0
40.0,-44.19,-511475.0,382.0
40.0,-44.19,-511896.0,382.0
40.0,-44.19,-511727.0,382.0
40.0,-44.19,-513012.0,381.0
40.0,-44.19,-512663.0,382.0
40.0,-44.19,-513742.0,382.0
40.0,-44.19,-512443.0,382.0
50.0,-30.81,-379770.0,428.0
50.0,-30.81,-379843.0,428.0
50.0,-30.81,-379448.0,428.0
50.0,-30.81,-380369.0,428.0
50.0,-30.81,-380414.0,428.0
50.0,-30.81,-379225.0,428.0
50.0,-30.81,-379624.0,428.0
50.0,-30.81,-379939.0,428.0
50.0,-30.81,-379804.0,428.0
50.0,-30.81,-379979.0,428.0
50.0,-30.81,-379988.0,428.0
50.0,-30.81,-380457.0,428.0
50.0,-30.81,-380298.0,428.0
50.0,-30.81,-378371.0,428.0
50.0,-30.81,-377232.0,428.0
50.0,-30.81,-377435.0,428.0
50.0,-30.81,-378006.0,428.0
50.0,-30.81,-377539.0,428.0
50.0,-30.81,-377162.0,428.0
50.0,-30.81,-377983.0,428.0
50.0,-30.81,-377870.0,428.0
50.0,-30.81,-378237.0,428.0
50.0,-30.81,-378998.0,428.0
50.0,-30.81,-378537.0,428.0
50.0,-30.81,-378080.0,429.0
50.0,-30.81,-377823.0,428.0
50.0,-30.81,-377796.0,428.0
50.0,-30.81,-378585.0,428.0
50.0,-30.81,-378910.0,428.0
50.0,-30.81,-377433.0,428.0
50.0,-30.81,-376874.0,428.0
50.0,-30.81,-377935.0,428.0
50.0,-30.81,-377760.0,428.0
50.0,-30.81,-378491.0,428.0
50.0,-30.81,-378074.0,428.0
50.0,-30.81,-377617.0,428.0
50.0,-30.81,-376994.0,428.0
50.0,-30.81,-376993.0,428.0
50.0,-30.81,-376498.0,428.0
50.0,-30.81,-376091.0,428.0
50.0,-30.81,-376980.0,428.0
50.0,-30.81,-377197.0,429.0
50.0,-30.81,-377102.0,428.0
50.0,-30.81,-377053.0,428.0
50.0,-30.81,-376688.0,428.0
50.0,-30.81,-377225.0,428.0
50.0,-30.81,-379490.0,428.0
50.0,-30.81,-379509.0,428.0
50.0,-30.81,-380494.0,428.0
50.0,-30.81,-380735.0,428.0
60.0,-16.37,-238096.0,473.0
60.0,-16.37,-236891.0,473.0
60.0,-16.37,-234632.0,473.0
60.0,-16.37,-234385.0,473.0
60.0,-16.37,-233926.0,473.0
60.0,-16.37,-232767.0,473.0
60.0,-16.37,-233072.0,473.0
60.0,-16.37,-231495.0,473.0
60.0,-16.37,-231808.0,473.0
60.0,-16.37,-232729.0,473.0
60.0,-16.37,-233164.0,474.0
60.0,-16.37,-233559.0,473.0
60.0,-16.37,-233058.0,473.0
60.0,-16.37,-232555.0,474.0
60.0,-16.37,-232404.0,473.0
60.0,-16.37,-232989.0,473.0
60.0,-16.37,-232322.0,473.0
60.0,-16.37,-231567.0,473.0
60.0,-16.37,-231528.0,473.0
60.0,-16.37,-231977.0,473.0
60.0,-16.37,-232316.0,473.0
60.0,-16.37,-231999.0,473.0
60.0,-16.37,-232724.0,473.0
60.0,-16.37,-232791.0,474.0
60.0,-16.37,-232786.0,473.0
60.0,-16.37,-232125.0,473.0
60.0,-16.37,-231152.0,473.0
60.0,-16.37,-231877.0,473.0
60.0,-16.37,-232140.0,473.0
60.0,-16.37,-233383.0,474.0
60.0,-16.37,-232518.0,473.0
60.0,-16.37,-232459.0,473.0
60.0,-16.37,-230988.0,473.0
60.0,-16.37,-230447.0,473.0
60.0,-16.37,-230452.0,473.0
60.0,-16.37,-229759.0,473.0
60.0,-16.37,-229194.0,473.0
60.0,-16.37,-230281.0,474.0
60.0,-16.37,-229730.0,474.0
60.0,-16.37,-229661.0,473.0
60.0,-16.37,-229564.0,473.0
60.0,-16.37,-230629.0,474.0
60.0,-16.37,-230048.0,474.0
60.0,-16.37,-229593.0,473.0
60.0,-16.37,-229634.0,473.0
60.0,-16.37,-229273.0,473.0
60.0,-16.37,-229050.0,473.0
60.0,-16.37,-228893.0,473.0
60.0,-16.37,-228550.0,473.0
60.0,-16.37,-228657.0,473.0
70.0,-2.75,-108714.0,515.0
70.0,-2.75,-106873.0,516.0
70.0,-2.81,-107004.0,516.0
70.0,-2.81,-107453.0,516.0
70.0,-2.81,-107392.0,516.0
70.0,-2.81,-108197.0,516.0
70.0,-2.81,-108476.0,516.0
70.0,-2.81,-108227.0,516.0
70.0,-2.81,-107754.0,516.0
70.0,-2.81,-107823.0,516.0
70.0,-2.81,-108310.0,516.0
70.0,-2.81,-108683.0,516.0
70.0,-2.81,-109778.0,515.0
70.0,-2.81,-109935.0,516.0
70.0,-2.81,-109458.0,515.0
70.0,-2.81,-108801.0,516.0
70.0,-2.81,-109000.0,516.0
70.0,-2.81,-108819.0,516.0
70.0,-2.81,-108860.0,516.0
70.0,-2.81,-108587.0,516.0
70.0,-2.81,-108602.0,516.0
70.0,-2.81,-108709.0,515.0
70.0,-2.81,-108732.0,516.0
70.0,-2.81,-107733.0,516.0
70.0,-2.81,-107538.0,516.0
70.0,-2.81,-107265.0,516.0
70.0,-2.81,-107792.0,516.0
70.0,-2.81,-107647.0,516.0
70.0,-2.69,-106860.0,516.0
70.0,-2.69,-106029.0,516.0
70.0,-2.69,-106312.0,516.0
70.0,-2.69,-106333.0,516.0
70.0,-2.69,-105260.0,516.0
70.0,-2.69,-104661.0,516.0
70.0,-2.69,-105170.0,516.0
70.0,-2.69,-105607.0,516.0
70.0,-2.69,-104624.0,517.0
70.0,-2.69,-105089.0,516.0
70.0,-2.69,-105124.0,516.0
70.0,-2.69,-105259.0,516.0
70.0,-2.69,-104196.0,516.0
70.0,-2.69,-104115.0,516.0
70.0,-2.69,-103516.0,516.0
70.0,-2.69,-103053.0,517.0
70.0,-2.69,-103786.0,516.0
70.0,-2.69,-103699.0,516.0
70.0,-2.69,-101996.0,516.0
70.0,-2.69,-101573.0,516.0
70.0,-2.69,-102172.0,516.0
70.0,-2.69,-101623.0,517.0
70.0,-2.5,-103492.0,516.0
70.0,-2.5,-103077.0,518.0
70.0,-2.5,-102856.0,516.0
70.0,-2.5,-103129.0,517.0
70.0,-2.5,-103106.0,517.0
70.0,-2.5,-103471.0,517.0
70.0,-2.5,-103518.0,517.0
70.0,-2.5,-103993.0,517.0
70.0,-2.5,-104642.0,517.0
70.0,-2.5,-103617.0,517.0
70.0,-2.5,-104220.0,516.0
70.0,-2.5,-103389.0,517.0
70.0,-2.5,-104864.0,518.0
70.0,-2.5,-104399.0,517.0
70.0,-2.5,-103784.0,517.0
70.0,-2.5,-103439.0,517.0
70.0,-2.5,-102970.0,517.0
70.0,-2.5,-103137.0,517.0
70.0,-2.5,-103054.0,517.0
70.0,-2.5,-102831.0,517.0
70.0,-2.5,-104778.0,517.0
70.0,-2.5,-104535.0,517.0
70.0,-2.5,-105040.0,517.0
70.0,-2.5,-103963.0,517.0
70.0,-2.5,-104000.0,517.0
70.0,-2.5,-103779.0,517.0
70.0,-2.5,-103968.0,517.0
70.0,-2.5,-103311.0,517.0
70.0,-2.5,-103528.0,517.0
70.0,-2.5,-103505.0,517.0
70.0,-2.5,-103736.0,517.0
70.0,-2.5,-105317.0,517.0
70.0,-2.5,-105548.0,517.0
70.0,-2.5,-107351.0,517.0
70.0,-2.5,-107762.0,517.0
70.0,-2.5,-108163.0,517.0
70.0,-2.5,-108702.0,517.0
70.0,-2.5,-109291.0,517.0
70.0,-2.5,-110478.0,517.0
70.0,-2.5,-110779.0,517.0
70.0,-2.5,-111234.0,517.0
70.0,-2.5,-112779.0,517.0
70.0,-2.5,-112460.0,517.0
70.0,-2.5,-112583.0,517.0
70.0,-2.5,-113018.0,517.0
70.0,-2.5,-113635.0,517.0
70.0,-2.5,-114946.0,517.0
70.0,-2.5,-115775.0,517.0
70.0,-2.5,-116750.0,517.0
70.0,-2.5,-116445.0,517.0
60.0,-15.25,-168934.0,477.0
60.0,-15.25,-169511.0,478.0
60.0,-15.25,-170000.0,478.0
60.0,-15.25,-170611.0,478.0
60.0,-15.25,-170748.0,478.0
60.0,-15.25,-171067.0,478.0
60.0,-15.25,-170858.0,478.0
60.0,-15.25,-169515.0,478.0
60.0,-15.25,-169196.0,478.0
60.0,-15.25,-169733.0,477.0
60.0,-15.25,-169456.0,478.0
60.0,-15.25,-169389.0,478.0
60.0,-15.25,-169684.0,478.0
60.0,-15.25,-171387.0,478.0
60.0,-15.25,-171482.0,478.0
60.0,-15.25,-172011.0,478.0
60.0,-15.25,-171172.0,478.0
60.0,-15.25,-170035.0,478.0
60.0,-15.25,-169602.0,478.0
60.0,-15.25,-169507.0,477.0
60.0,-15.25,-168818.0,477.0
60.0,-15.25,-170269.0,478.0
60.0,-15.25,-170974.0,478.0
60.0,-15.25,-170825.0,478.0
60.0,-15.25,-171062.0,478.0
60.0,-15.25,-171479.0,478.0
60.0,-15.25,-170246.0,478.0
60.0,-15.25,-169597.0,478.0
60.0,-15.25,-170226.0,477.0
60.0,-15.25,-170059.0,478.0
60.0,-15.25,-170814.0,478.0
60.0,-15.25,-170591.0,477.0
60.0,-15.25,-170094.0,478.0
60.0,-15.25,-169741.0,477.0
60.0,-15.25,-170800.0,478.0
60.0,-15.25,-170947.0,478.0
60.0,-15.25,-170714.0,478.0
60.0,-15.25,-170955.0,478.0
60.0,-15.25,-171462.0,478.0
60.0,-15.25,-171183.0,478.0
60.0,-15.25,-170470.0,477.0
60.0,-15.25,-170351.0,478.0
60.0,-15.25,-170836.0,478.0
60.0,-15.25,-170781.0,478.0
60.0,-15.25,-170546.0,477.0
60.0,-15.25,-169291.0,478.0
60.0,-15.25,-169334.0,477.0
60.0,-15.25,-170333.0,478.0
60.0,-15.25,-170338.0,478.0
60.0,-15.25,-168949.0,478.0
50.0,-29.06,-290898.0,434.0
50.0,-29.06,-290637.0,434.0
50.0,-29.06,-290440.0,434.0
50.0,-29.06,-291531.0,434.0
50.0,-29.06,-294338.0,434.0
50.0,-29.06,-295049.0,434.0
50.0,-29.06,-297720.0,434.0
50.0,-29.06,-297701.0,434.0
50.0,-29.06,-297606.0,434.0
50.0,-29.06,-298487.0,434.0
50.0,-29.06,-298232.0,434.0
50.0,-29.06,-297881.0,434.0
50.0,-29.06,-298898.0,434.0
50.0,-29.06,-298471.0,434.0
50.0,-29.06,-297826.0,434.0
50.0,-29.06,-298473.0,434.0
50.0,-29.06,-298976.0,434.0
50.0,-29.06,-298269.0,434.0
50.0,-29.06,-298336.0,434.0
50.0,-29.06,-299139.0,434.0
50.0,-29.06,-299966.0,436.0
50.0,-28.5,-297965.0,436.0
50.0,-28.5,-295388.0,435.0
50.0,-28.5,-295025.0,436.0
50.0,-28.5,-296334.0,436.0
50.0,-28.5,-296887.0,436.0
50.0,-28.5,-298106.0,435.0
50.0,-28.5,-298373.0,436.0
50.0,-28.5,-297984.0,436.0
50.0,-28.5,-297205.0,435.0
50.0,-28.5,-296332.0,436.0
50.0,-28.5,-297511.0,436.0
50.0,-28.5,-298022.0,436.0
50.0,-28.5,-298105.0,436.0
50.0,-28.5,-297464.0,436.0
50.0,-28.5,-297773.0,435.0
50.0,-28.5,-297024.0,436.0
50.0,-28.5,-297031.0,436.0
50.0,-28.5,-297280.0,436.0
50.0,-28.5,-297025.0,436.0
50.0,-28.5,-294656.0,436.0
50.0,-28.5,-295411.0,436.0
50.0,-28.5,-296180.0,435.0
50.0,-28.5,-296229.0,436.0
50.0,-28.5,-296580.0,436.0
50.0,-28.5,-295775.0,435.0
50.0,-28.5,-296090.0,436.0
50.0,-28.5,-296747.0,436.0
50.0,-28.5,-296462.0,436.0
50.0,-28.5,-295659.0,435.0
40.0,-44.06,-445172.0,386.0
40.0,-44.06,-445229.0,385.0
40.0,-44.06,-444816.0,386.0
40.0,-44.06,-445325.0,386.0
40.0,-44.06,-446374.0,385.0
40.0,-44.06,-447495.0,385.0
40.0,-44.06,-446800.0,386.0
40.0,-44.06,-447585.0,386.0
40.0,-44.06,-448074.0,386.0
40.0,-44.06,-448411.0,385.0
40.0,-44.06,-446544.0,386.0
40.0,-44.06,-446671.0,385.0
40.0,-44.06,-448082.0,386.0
40.0,-44.06,-448393.0,386.0
40.0,-44.06,-448206.0,386.0
40.0,-44.06,-447633.0,385.0
40.0,-44.06,-446808.0,385.0
40.0,-44.06,-447179.0,385.0
40.0,-44.06,-444866.0,386.0
40.0,-44.06,-445743.0,386.0
40.0,-44.06,-446688.0,386.0
40.0,-44.06,-447431.0,386.0
40.0,-44.06,-446706.0,386.0
40.0,-44.06,-446033.0,386.0
40.0,-44.06,-445160.0,386.0
40.0,-44.06,-445407.0,386.0
40.0,-44.06,-445832.0,385.0
40.0,-44.06,-446099.0,386.0
40.0,-44.06,-445908.0,386.0
40.0,-44.06,-446751.0,386.0
40.0,-44.06,-447698.0,385.0
40.0,-44.06,-447755.0,386.0
40.0,-44.06,-447188.0,385.0
40.0,-44.06,-447145.0,385.0
40.0,-44.06,-447036.0,385.0
40.0,-44.06,-446269.0,385.0
40.0,-44.06,-446356.0,386.0
40.0,-44.06,-445875.0,386.0
40.0,-44.06,-445850.0,386.0
40.0,-44.06,-445653.0,385.0
40.0,-44.06,-445786.0,386.0
40.0,-44.06,-446059.0,386.0
40.0,-44.06,-445898.0,386.0
40.0,-44.06,-445329.0,386.0
40.0,-44.06,-444022.0,385.0
40.0,-44.06,-444537.0,385.0
40.0,-44.06,-444782.0,386.0
40.0,-44.06,-443791.0,385.0
40.0,-44.06,-443116.0,386.0
40.0,-44.06,-442105.0,386.0
30.0,-58.75,-605474.0,337.0
30.0,-58.75,-606071.0,337.0
30.0,-58.75,-605100.0,337.0
30.0,-58.75,-605691.0,338.0
30.0,-58.75,-606734.0,338.0
30.0,-58.75,-607021.0,337.0
30.0,-58.75,-606612.0,337.0
30.0,-58.75,-606075.0,337.0
30.0,-58.75,-606140.0,338.0
30.0,-58.75,-605465.0,338.0
30.0,-58.75,-606888.0,337.0
30.0,-58.75,-607669.0,337.0
30.0,-58.75,-607538.0,338.0
30.0,-58.75,-607625.0,338.0
30.0,-58.69,-608248.0,338.0
30.0,-58.63,-607747.0,338.0
30.0,-58.63,-608688.0,338.0
30.0,-58.56,-608569.0,338.0
30.0,-58.5,-607810.0,337.0
30.0,-58.5,-607585.0,338.0
30.0,-58.5,-608428.0,338.0
30.0,-58.44,-608479.0,338.0
30.0,-58.44,-608782.0,337.0
30.0,-58.44,-608721.0,337.0
30.0,-58.44,-608278.0,337.0
30.0,-58.44,-607797.0,337.0
30.0,-58.44,-608614.0,337.0
30.0,-58.44,-608723.0,337.0
30.0,-58.44,-608584.0,338.0
30.0,-58.44,-607661.0,337.0
30.0,-58.44,-607450.0,337.0
30.0,-58.44,-607785.0,338.0
30.0,-58.44,-607408.0,337.0
30.0,-58.44,-607171.0,337.0
30.0,-58.44,-608644.0,337.0
30.0,-58.44,-608613.0,338.0
30.0,-58.44,-607534.0,337.0
30.0,-58.44,-606281.0,338.0
30.0,-58.44,-606756.0,338.0
30.0,-58.44,-606951.0,338.0
30.0,-58.44,-607220.0,337.0
30.0,-58.44,-608195.0,338.0
30.0,-58.44,-607826.0,337.0
30.0,-58.44,-606675.0,337.0
30.0,-58.44,-606400.0,337.0
30.0,-58.44,-608561.0,337.0
30.0,-58.44,-609116.0,338.0
30.0,-58.44,-609063.0,338.0
30.0,-58.44,-608680.0,337.0
30.0,-58.44,-607649.0,337.0
20.0,-71.5,-784288.0,291.0
20.0,-71.5,-784993.0,291.0
20.0,-71.5,-787010.0,291.0
20.0,-71.5,-788067.0,291.0
20.0,-71.5,-787890.0,291.0
20.0,-71.5,-787923.0,291.0
20.0,-71.5,-789004.0,291.0
20.0,-71.5,-787737.0,291.0
20.0,-71.5,-786864.0,291.0
20.0,-71.5,-786727.0,291.0
20.0,-71.5,-788966.0,291.0
20.0,-71.5,-789659.0,291.0
20.0,-71.5,-788812.0,291.0
20.0,-71.5,-788407.0,291.0
20.0,-71.5,-787706.0,291.0
20.0,-71.5,-787565.0,290.0
20.0,-71.5,-786420.0,291.0
20.0,-71.5,-787127.0,291.0
20.0,-71.5,-787902.0,291.0
20.0,-71.5,-788071.0,291.0
20.0,-71.5,-788038.0,291.0
20.0,-71.5,-787235.0,291.0
20.0,-71.5,-786974.0,291.0
20.0,-71.5,-787613.0,291.0
20.0,-71.5,-788136.0,291.0
20.0,-71.5,-788135.0,291.0
20.0,-71.5,-788806.0,291.0
20.0,-71.5,-788849.0,291.0
20.0,-71.5,-788826.0,291.0
20.0,-71.5,-788585.0,291.0
20.0,-71.5,-788774.0,291.0
20.0,-71.5,-788475.0,291.0
20.0,-71.5,-790538.0,291.0
20.0,-71.5,-790713.0,291.0
20.0,-71.5,-790134.0,291.0
20.0,-71.5,-790367.0,291.0
20.0,-71.5,-789126.0,291.0
20.0,-71.5,-788941.0,291.0
20.0,-71.5,-787770.0,291.0
20.0,-71.5,-787577.0,291.0
20.0,-71.5,-788344.0,291.0
20.0,-71.5,-787717.0,291.0
20.0,-71.5,-788138.0,291.0
20.0,-71.5,-788345.0,291.0
20.0,-71.5,-787642.0,291.0
20.0,-71.5,-788583.0,291.0
20.0,-71.5,-788854.0,291.0
20.0,-71.5,-788107.0,291.0
20.0,-71.5,-788786.0,291.0
20.0,-71.5,-788801.0,291.0
10.0,-84.81,-1055768.0,246.0
10.0,-84.81,-1059045.0,246.0
10.0,-84.81,-1060446.0,245.0
10.0,-84.81,-1062609.0,245.0
10.0,-84.81,-1063340.0,246.0
10.0,-84.81,-1064277.0,245.0
10.0,-84.81,-1064888.0,245.0
10.0,-84.81,-1065439.0,245.0
10.0,-84.81,-1065864.0,246.0
10.0,-84.81,-1066513.0,246.0
10.0,-84.81,-1067772.0,245.0
10.0,-84.81,-1068777.0,245.0
10.0,-84.81,-1068766.0,245.0
10.0,-84.81,-1069089.0,245.0
10.0,-84.81,-1070296.0,245.0
10.0,-84.81,-1070531.0,245.0
10.0,-84.81,-1070498.0,245.0
10.0,-84.81,-1071003.0,245.0
10.0,-84.81,-1070380.0,245.0
10.0,-84.81,-1070941.0,245.0
10.0,-84.81,-1072718.0,245.0
10.0,-84.81,-1072609.0,245.0
10.0,-84.81,-1071436.0,245.0
10.0,-84.81,-1071981.0,246.0
10.0,-84.81,-1071998.0,246.0
10.0,-84.81,-1071311.0,245.0
10.0,-84.81,-1071264.0,244.0
10.0,-84.81,-1073781.0,245.0
10.0,-84.81,-1073770.0,245.0
10.0,-84.81,-1074053.0,245.0
10.0,-84.81,-1074296.0,245.0
10.0,-84.81,-1076253.0,244.0
10.0,-84.81,-1075602.0,245.0
10.0,-84.81,-1076221.0,245.0
10.0,-84.81,-1075854.0,245.0
10.0,-84.81,-1074375.0,245.0
10.0,-84.81,-1074618.0,245.0
10.0,-84.81,-1074723.0,245.0
10.0,-84.81,-1074944.0,245.0
10.0,-84.81,-1075853.0,245.0
10.0,-84.81,-1076250.0,246.0
10.0,-84.81,-1076485.0,244.0
10.0,-84.81,-1076990.0,245.0
10.0,-84.81,-1077753.0,245.0
10.0,-84.81,-1077410.0,245.0
10.0,-84.81,-1077303.0,245.0
10.0,-84.81,-1077800.0,245.0
10.0,-84.81,-1077601.0,246.0
10.0,-84.81,-1077766.0,244.0
10.0,-84.81,-1077665.0,245.0
20.0,-72.12,-820082.0,289.0
20.0,-72.06,-819955.0,289.0
20.0,-72.06,-819146.0,289.0
20.0,-72.06,-818795.0,290.0
20.0,-72.06,-818624.0,289.0
20.0,-72.06,-817511.0,290.0
20.0,-72.06,-817664.0,289.0
20.0,-72.06,-817509.0,289.0
20.0,-72.06,-816834.0,289.0
20.0,-72.06,-817537.0,289.0
20.0,-72.06,-817532.0,289.0
20.0,-72.06,-819091.0,289.0
20.0,-72.06,-820040.0,289.0
20.0,-72.06,-820467.0,288.0
20.0,-72.06,-820514.0,290.0
20.0,-72.06,-820823.0,289.0
20.0,-72.06,-820816.0,289.0
20.0,-72.0,-820287.0,290.0
20.0,-72.06,-820118.0,290.0
20.0,-72.06,-820087.0,289.0
20.0,-72.06,-819618.0,289.0
20.0,-72.06,-819691.0,289.0
20.0,-72.06,-820250.0,289.0
20.0,-72.06,-820175.0,289.0
20.0,-72.06,-819314.0,289.0
20.0,-72.06,-819411.0,289.0
20.0,-72.06,-819534.0,289.0
20.0,-72.06,-819449.0,289.0
20.0,-72.06,-820072.0,289.0
20.0,-72.06,-819509.0,289.0
20.0,-72.06,-818448.0,290.0
20.0,-72.06,-818149.0,289.0
20.0,-72.06,-817894.0,289.0
20.0,-72.06,-816947.0,290.0
20.0,-72.06,-817590.0,289.0
20.0,-72.06,-819035.0,289.0
20.0,-72.06,-819250.0,289.0
20.0,-72.06,-819345.0,289.0
20.0,-72.06,-819696.0,289.0
20.0,-72.06,-818437.0,290.0
20.0,-72.06,-818382.0,289.0
20.0,-72.06,-819129.0,289.0
20.0,-72.06,-819052.0,290.0
20.0,-72.06,-817603.0,289.0
20.0,-72.06,-817708.0,289.0
20.0,-72.06,-818117.0,289.0
20.0,-72.06,-818418.0,289.0
20.0,-72.06,-817333.0,289.0
20.0,-72.06,-817528.0,289.0
20.0,-72.06,-817061.0,289.0
30.0,-58.0,-646462.0,336.0
30.0,-58.0,-646181.0,336.0
30.0,-58.0,-645970.0,336.0
30.0,-58.0,-645867.0,336.0
30.0,-58.0,-645042.0,336.0
30.0,-58.0,-645327.0,336.0
30.0,-58.0,-645942.0,335.0
30.0,-58.0,-645721.0,336.0
30.0,-58.0,-645270.0,336.0
30.0,-58.0,-644489.0,336.0
30.0,-58.0,-644172.0,336.0
30.0,-58.0,-644999.0,336.0
30.0,-58.0,-644570.0,335.0
30.0,-58.0,-644801.0,336.0
30.0,-58.0,-645032.0,336.0
30.0,-58.0,-645387.0,336.0
30.0,-58.0,-645998.0,336.0
30.0,-58.0,-647173.0,336.0
30.0,-58.0,-647132.0,336.0
30.0,-58.0,-645699.0,336.0
30.0,-58.0,-646108.0,336.0
30.0,-58.0,-646017.0,336.0
30.0,-58.0,-646156.0,335.0
30.0,-58.0,-646499.0,336.0
30.0,-58.0,-646418.0,336.0
30.0,-58.0,-646369.0,336.0
30.0,-58.0,-646254.0,336.0
30.0,-58.0,-646797.0,336.0
30.0,-58.0,-645996.0,335.0
30.0,-58.0,-646049.0,335.0
30.0,-58.0,-645472.0,336.0
30.0,-58.0,-645347.0,336.0
30.0,-58.0,-646540.0,336.0
30.0,-58.0,-646889.0,336.0
30.0,-58.0,-646228.0,336.0
30.0,-58.0,-646423.0,336.0
30.0,-58.0,-647568.0,336.0
30.0,-58.0,-647423.0,336.0
30.0,-58.0,-647284.0,336.0
30.0,-58.0,-647147.0,336.0
30.0,-58.0,-646408.0,336.0
30.0,-58.0,-645705.0,335.0
30.0,-58.0,-646260.0,336.0
30.0,-58.0,-646087.0,336.0
30.0,-58.0,-645546.0,336.0
30.0,-58.0,-646581.0,336.0
30.0,-58.0,-646518.0,336.0
30.0,-58.0,-645955.0,336.0
30.0,-58.0,-645204.0,336.0
30.0,-58.0,-645887.0,336.0
40.0,-43.94,-511614.0,382.0
40.0,-43.94,-511181.0,382.0
40.0,-43.94,-510176.0,382.0
40.0,-43.94,-509221.0,382.0
40.0,-43.94,-508088.0,382.0
40.0,-43.94,-509779.0,382.0
40.0,-43.94,-509454.0,382.0
40.0,-43.94,-508723.0,381.0
40.0,-43.94,-507762.0,382.0
40.0,-43.94,-508541.0,382.0
40.0,-43.94,-509500.0,382.0
40.0,-43.94,-509067.0,382.0
40.0,-43.94,-507844.0,382.0
40.0,-43.94,-507885.0,382.0
40.0,-43.94,-508606.0,382.0
40.0,-43.94,-508867.0,382.0
40.0,-43.94,-508802.0,382.0
40.0,-43.94,-509905.0,382.0
40.0,-43.94,-510624.0,382.0
40.0,-43.94,-510595.0,382.0
40.0,-43.94,-511118.0,382.0
40.0,-43.94,-509861.0,382.0
40.0,-43.94,-509706.0,382.0
40.0,-43.94,-510193.0,382.0
40.0,-43.94,-510054.0,382.0
40.0,-43.94,-510963.0,382.0
40.0,-43.94,-511160.0,382.0
40.0,-43.94,-510425.0,383.0
40.0,-43.94,-510524.0,382.0
40.0,-43.94,-509737.0,382.0
40.0,-43.94,-509398.0,382.0
40.0,-43.94,-510051.0,381.0
40.0,-43.94,-510734.0,382.0
40.0,-43.94,-509597.0,382.0
40.0,-43.94,-509192.0,381.0
40.0,-43.94,-509437.0,382.0
40.0,-43.94,-509766.0,382.0
40.0,-43.94,-509789.0,382.0
40.0,-43.94,-509716.0,382.0
40.0,-43.94,-509687.0,382.0
40.0,-43.94,-509288.0,382.0
40.0,-43.94,-508549.0,382.0
40.0,-43.94,-506550.0,382.0
40.0,-43.94,-506805.0,382.0
40.0,-43.94,-507666.0,382.0
40.0,-43.94,-507615.0,382.0
40.0,-43.94,-507032.0,382.0
40.0,-43.94,-506533.0,382.0
40.0,-43.94,-507628.0,382.0
40.0,-43.94,-508283.0,382.0
50.0,-30.06,-381818.0,428.0
50.0,-30.12,-382887.0,428.0
50.0,-30.19,-382508.0,428.0
50.0,-30.19,-382057.0,428.0
50.0,-30.19,-381732.0,428.0
50.0,-30.19,-381177.0,428.0
50.0,-30.19,-380098.0,428.0
50.0,-30.19,-381179.0,428.0
50.0,-30.19,-381274.0,428.0
50.0,-30.19,-382081.0,427.0
50.0,-30.19,-381568.0,427.0
50.0,-30.19,-380327.0,427.0
50.0,-30.19,-380142.0,427.0
50.0,-30.19,-379843.0,428.0
50.0,-30.19,-379444.0,427.0
50.0,-30.19,-379485.0,427.0
50.0,-30.19,-380688.0,427.0
50.0,-30.19,-381683.0,428.0
50.0,-30.19,-380132.0,427.0
50.0,-30.19,-380569.0,427.0
50.0,-30.19,-381076.0,427.0
50.0,-30.19,-380685.0,427.0
50.0,-30.19,-381066.0,427.0
50.0,-30.19,-380887.0,427.0
50.0,-30.19,-380938.0,427.0
50.0,-30.19,-380041.0,428.0
50.0,-30.19,-381448.0,427.0
50.0,-30.19,-382043.0,428.0
50.0,-30.19,-381082.0,428.0
50.0,-30.19,-379641.0,428.0
50.0,-30.19,-381138.0,427.0
50.0,-30.19,-381997.0,428.0
50.0,-30.19,-382068.0,428.0
50.0,-30.19,-382107.0,427.0
50.0,-30.19,-381082.0,427.0
50.0,-30.19,-380451.0,427.0
50.0,-30.19,-380370.0,428.0
50.0,-30.19,-381331.0,428.0
50.0,-30.19,-381306.0,428.0
50.0,-30.19,-382005.0,428.0
50.0,-30.19,-381900.0,428.0
50.0,-30.19,-382857.0,428.0
50.0,-30.19,-382416.0,427.0
50.0,-30.19,-382325.0,428.0
50.0,-30.19,-381232.0,427.0
50.0,-30.19,-380381.0,428.0
50.0,-30.06,-380172.0,428.0
50.0,-30.06,-379141.0,427.0
50.0,-30.06,-378770.0,427.0
50.0,-30.06,-378293.0,428.0
60.0,-16.0,-247786.0,473.0
60.0,-16.06,-246485.0,473.0
60.0,-16.12,-245006.0,473.0
60.0,-16.12,-243911.0,474.0
60.0,-16.12,-242670.0,473.0
60.0,-16.12,-242915.0,473.0
60.0,-16.12,-243466.0,473.0
60.0,-16.12,-243207.0,473.0
60.0,-16.12,-242208.0,473.0
60.0,-16.12,-241865.0,473.0
60.0,-16.12,-241954.0,473.0
60.0,-16.12,-242135.0,473.0
60.0,-16.12,-241660.0,473.0
60.0,-16.12,-241435.0,473.0
60.0,-16.06,-241114.0,473.0
60.0,-16.06,-240397.0,473.0
60.0,-16.06,-240802.0,473.0
60.0,-16.06,-241057.0,473.0
60.0,-16.06,-240462.0,473.0
60.0,-16.06,-240635.0,473.0
60.0,-16.06,-241124.0,473.0
60.0,-16.06,-240887.0,473.0
60.0,-16.06,-241510.0,473.0
60.0,-16.06,-240353.0,473.0
60.0,-16.06,-239584.0,473.0
60.0,-16.06,-238937.0,473.0
60.0,-16.06,-238328.0,473.0
60.0,-16.06,-238119.0,473.0
60.0,-16.06,-237746.0,473.0
60.0,-16.06,-237175.0,473.0
60.0,-16.06,-237590.0,473.0
60.0,-16.06,-237387.0,473.0
60.0,-16.06,-238608.0,473.0
60.0,-16.06,-238873.0,473.0
60.0,-16.06,-240166.0,473.0
60.0,-16.06,-240499.0,472.0
60.0,-16.06,-240140.0,473.0
60.0,-16.06,-239939.0,473.0
60.0,-16.06,-239458.0,473.0
60.0,-16.06,-239167.0,472.0
60.0,-16.06,-239778.0,473.0
60.0,-16.06,-240487.0,473.0
60.0,-16.06,-240134.0,472.0
60.0,-16.06,-239721.0,473.0
60.0,-16.06,-240350.0,473.0
60.0,-16.06,-240859.0,473.0
60.0,-16.06,-240664.0,473.0
60.0,-16.06,-240467.0,473.0
60.0,-16.06,-240538.0,474.0
60.0,-16.06,-240793.0,473.0
70.0,-2.31,-110160.0,516.0
70.0,-2.31,-109795.0,516.0
70.0,-2.31,-109424.0,516.0
70.0,-2.31,-108643.0,516.0
70.0,-2.38,-108800.0,516.0
70.0,-2.44,-108433.0,516.0
70.0,-2.44,-109722.0,516.0
70.0,-2.5,-109521.0,515.0
70.0,-2.56,-109404.0,516.0
70.0,-2.63,-109871.0,516.0
70.0,-2.63,-110674.0,516.0
70.0,-2.63,-110479.0,516.0
70.0,-2.63,-110466.0,516.0
70.0,-2.63,-110653.0,516.0
70.0,-2.63,-109690.0,516.0
70.0,-2.63,-109623.0,516.0
70.0,-2.63,-109574.0,516.0
70.0,-2.63,-109857.0,516.0
70.0,-2.63,-108696.0,516.0
70.0,-2.63,-108609.0,516.0
70.0,-2.63,-108778.0,516.0
70.0,-2.63,-109897.0,516.0
70.0,-2.63,-109724.0,516.0
70.0,-2.63,-108583.0,516.0
70.0,-2.63,-108574.0,516.0
70.0,-2.63,-109531.0,516.0
70.0,-2.63,-109626.0,516.0
70.0,-2.63,-109801.0,516.0
70.0,-2.63,-108930.0,516.0
70.0,-2.63,-108431.0,516.0
70.0,-2.63,-108554.0,516.0
70.0,-2.63,-108847.0,516.0
70.0,-2.63,-108548.0,516.0
70.0,-2.63,-109405.0,516.0
70.0,-2.63,-108796.0,516.0
70.0,-2.63,-108541.0,516.0
70.0,-2.63,-109492.0,516.0
70.0,-2.63,-110335.0,516.0
70.0,-2.63,-109840.0,515.0
70.0,-2.63,-109591.0,516.0
70.0,-2.63,-109142.0,516.0
70.0,-2.63,-109201.0,516.0
70.0,-2.63,-107336.0,516.0
70.0,-2.63,-106979.0,516.0
70.0,-2.63,-107028.0,516.0
70.0,-2.63,-106815.0,516.0
70.0,-2.63,-106940.0,515.0
70.0,-2.63,-107017.0,515.0
70.0,-2.63,-107730.0,516.0
70.0,-2.63,-108151.0,516.0
